%time,field.header.seq,field.header.stamp,field.header.frame_id,field.vector.x,field.vector.y,field.vector.z
1678277353293616554,3681,1678277353292897466,imu_link,0.0470657758415,0.0202158428729,-0.0243253707886
1678277353293740369,3682,1678277353293023855,imu_link,-0.016283467412,0.0351486504078,-0.0377788543701
1678277353293806722,3683,1678277353293088311,imu_link,-0.0463027432561,0.00865774322301,0.04088306427
1678277353293922562,3684,1678277353293142220,imu_link,0.0389316827059,0.0186034012586,0.0904264450073
1678277353336290878,3685,1678277353335650401,imu_link,-0.0134993400425,-0.0680612623692,-0.0453367233276
1678277353336359895,3686,1678277353335745704,imu_link,0.00826053414494,-0.0716293007135,0.00650310516357
1678277353336395193,3687,1678277353335802824,imu_link,-0.0231883525848,0.00711270328611,0.0330572128296
1678277353379389655,3688,1678277353378754086,imu_link,-0.0366917289793,-0.00707329902798,0.0246210098267
1678277353379504589,3689,1678277353378873677,imu_link,0.0460826270282,0.0918811559677,0.0766925811768
1678277353379532959,3690,1678277353378931552,imu_link,0.134642317891,0.0349574610591,0.151523590088
1678277353422582590,3691,1678277353421925415,imu_link,0.0109939323738,-0.00361493229866,-0.0135049819946
1678277353422637742,3692,1678277353422026264,imu_link,-0.051476534456,-0.150864973664,0.0135536193848
1678277353422827898,3693,1678277353422105881,imu_link,-0.00333878770471,-0.0611437410116,-0.0581254959106
1678277353423124253,3694,1678277353422161177,imu_link,0.00731079932302,-0.0241038426757,0.0179805755615
1678277353465647854,3695,1678277353464884128,imu_link,-0.00388212641701,0.00118734897114,-0.0198230743408
1678277353465703695,3696,1678277353464981014,imu_link,-0.0174082703888,-0.0194096695632,-0.011944770813
1678277353465895663,3697,1678277353465058482,imu_link,0.0174406953156,0.00806431658566,0.0405721664429
1678277353509569818,3698,1678277353508868855,imu_link,-0.00811416842043,-0.0369222648442,-0.0348663330078
1678277353509643605,3699,1678277353508964389,imu_link,0.0197881106287,0.0154969105497,0.00307178497314
1678277353510171280,3700,1678277353509036963,imu_link,0.035001527518,-0.00551277305931,0.000540733337402
1678277353510198050,3701,1678277353509096460,imu_link,0.0293458588421,0.0242666639388,-0.00102615356445
1678277353552155852,3702,1678277353551452548,imu_link,-0.00071072683204,-0.00779149541631,0.00264358520508
1678277353552266243,3703,1678277353551547690,imu_link,0.0231022983789,0.0023756721057,0.000276565551758
1678277353552320852,3704,1678277353551619943,imu_link,0.00737368827686,0.0052388086915,0.0323638916016
1678277353594882986,3705,1678277353594163240,imu_link,0.000484007992782,-0.0208031963557,0.0216178894043
1678277353594940148,3706,1678277353594256495,imu_link,-0.013126003556,-0.0370294079185,-0.00278282165527
1678277353595135361,3707,1678277353594314177,imu_link,0.0012113120174,-0.0168218389153,0.0114631652832
1678277353638298101,3708,1678277353637860797,imu_link,0.0139038255438,0.0168961007148,0.00806522369385
1678277353638320713,3709,1678277353637890890,imu_link,0.0138674164191,-0.00399551773444,-0.0219211578369
1678277353638329104,3710,1678277353637914782,imu_link,0.0324473381042,-0.00854719337076,-0.00226497650146
1678277353638383773,3711,1678277353637931303,imu_link,0.0322493761778,-0.0190434772521,-0.00836849212646
1678277353680820159,3712,1678277353680396167,imu_link,0.020253425464,-0.0730929598212,-0.0155925750732
1678277353680839725,3713,1678277353680460963,imu_link,0.00598572939634,-0.00501469615847,0.0135898590088
1678277353680964771,3714,1678277353680493007,imu_link,-0.00434090895578,-0.00479742558673,0.00580024719238
1678277353724238579,3715,1678277353723648424,imu_link,-0.0295242294669,0.0445817150176,0.0353221893311
1678277353724279109,3716,1678277353723701302,imu_link,0.0113161290064,-0.0183298811316,0.00534152984619
1678277353724297137,3717,1678277353723730315,imu_link,0.0149235622957,0.0222731977701,-0.00203800201416
1678277353724315719,3718,1678277353723757151,imu_link,0.0477743260562,-0.0312726125121,-0.0561780929565
1678277353768262422,3719,1678277353767434676,imu_link,-0.0307935234159,-0.0339790321887,-0.0571346282959
1678277353768304336,3720,1678277353767536786,imu_link,-0.0074777752161,-0.971411049366,0.189177513123
1678277353768335613,3721,1678277353767593227,imu_link,0.0854590013623,-0.200757473707,0.0408945083618
1678277353810932997,3722,1678277353810273098,imu_link,-0.301922172308,-0.0512317866087,0.143122673035
1678277353810994493,3723,1678277353810386123,imu_link,0.07500885427,-0.268328249454,0.0713729858398
1678277353811240989,3724,1678277353810442691,imu_link,0.111259751022,-0.162650063634,-0.108957290649
1678277353853818404,3725,1678277353853120821,imu_link,0.0306233987212,0.389043450356,-0.0778703689575
1678277353853851775,3726,1678277353853215890,imu_link,0.0591768249869,0.122114643455,0.0375566482544
1678277353854123179,3727,1678277353853293299,imu_link,0.108184687793,0.195121094584,-0.0012035369873
1678277353854176564,3728,1678277353853345765,imu_link,0.13359361887,-0.0152907278389,-0.0420398712158
1678277353896917229,3729,1678277353896179096,imu_link,0.0361337549984,-0.0258070193231,0.0495729446411
1678277353896998302,3730,1678277353896292303,imu_link,-0.0454381853342,0.161113291979,-0.0185308456421
1678277353897032718,3731,1678277353896355255,imu_link,0.0763382092118,-0.36430311203,0.176334381104
1678277353940710181,3732,1678277353940037180,imu_link,0.0802687481046,-0.694043159485,-0.015585899353
1678277353940767097,3733,1678277353940132901,imu_link,-0.00134955183603,-0.51985257864,0.0362977981567
1678277353941041136,3734,1678277353940204892,imu_link,0.0504376590252,-0.467990517616,0.0218353271484
1678277353941079101,3735,1678277353940263514,imu_link,0.0541028678417,0.334054410458,-0.0179786682129
1678277353982842278,3736,1678277353982070043,imu_link,0.071968048811,0.598505377769,0.00638294219971
1678277353982883236,3737,1678277353982166343,imu_link,0.0835831537843,0.37594050169,0.0439548492432
1678277353982982747,3738,1678277353982245492,imu_link,0.00892900209874,0.275741666555,0.039116859436
1678277354026622007,3739,1678277354025755590,imu_link,0.00759885739535,-0.0121644567698,-0.0441761016846
1678277354026707012,3740,1678277354025848652,imu_link,-0.0171392466873,-0.150284290314,0.00714683532715
1678277354026737699,3741,1678277354025906669,imu_link,-0.110765315592,-0.227471098304,0.00673007965088
1678277354069753647,3742,1678277354068984713,imu_link,0.00325496145524,-0.496459811926,0.0559539794922
1678277354069804733,3743,1678277354069077409,imu_link,-0.115818597376,-0.290690630674,0.129148483276
1678277354070275042,3744,1678277354069134665,imu_link,-0.0520378127694,0.117262907326,0.0467185974121
1678277354070445346,3745,1678277354069188105,imu_link,0.0336798354983,0.41068521142,-0.0872459411621
1678277354112862421,3746,1678277354112121849,imu_link,0.111504971981,0.215630158782,0.0235137939453
1678277354112944493,3747,1678277354112213701,imu_link,0.0265520475805,0.106409855187,-0.0340709686279
1678277354112970265,3748,1678277354112269214,imu_link,0.00406254269183,-0.220267131925,0.0609169006348
1678277354155358336,3749,1678277354154495543,imu_link,0.0589327998459,-0.362933665514,0.112710952759
1678277354155422586,3750,1678277354154599868,imu_link,0.0659052729607,-0.38339728117,0.0997266769409
1678277354155471913,3751,1678277354154656280,imu_link,-0.0389901995659,-0.304591178894,0.0572719573975
1678277354155522717,3752,1678277354154708759,imu_link,-0.114223651588,0.308565884829,-0.161628723145
1678277354198626848,3753,1678277354198085537,imu_link,-0.0235813632607,0.563347637653,-0.174491882324
1678277354198638129,3754,1678277354198155175,imu_link,-0.205957755446,0.0519834645092,-0.00447845458984
1678277354198661281,3755,1678277354198193270,imu_link,0.0295233745128,-0.502951920033,0.0266075134277
1678277354241242445,3756,1678277354240932602,imu_link,0.119291082025,-0.86672604084,0.0487794876099
1678277354241277425,3757,1678277354240968292,imu_link,0.101548954844,-0.655492603779,0.00302505493164
1678277354241400878,3758,1678277354240984947,imu_link,-0.0580321475863,-0.681779921055,-0.00841903686523
1678277354241410286,3759,1678277354241000005,imu_link,-0.0858677402139,-0.206979811192,0.0229434967041
1678277354285488662,3760,1678277354284750191,imu_link,-0.115645185113,0.257184654474,-0.0904102325439
1678277354285546664,3761,1678277354284891022,imu_link,0.0351487025619,-0.200673848391,-0.0761833190918
1678277354285600304,3762,1678277354284974181,imu_link,0.0378233455122,-0.34721288085,0.0619344711304
1678277354328076302,3763,1678277354327388598,imu_link,0.0325174927711,-0.335950791836,0.164185523987
1678277354328186282,3764,1678277354327496791,imu_link,-0.0492561496794,-0.0593989267945,0.12050819397
1678277354328250978,3765,1678277354327558681,imu_link,0.087080553174,-0.08224581182,0.0479278564453
1678277354370818015,3766,1678277354370011436,imu_link,0.00666423141956,-0.120942153037,0.0572414398193
1678277354370897106,3767,1678277354370110587,imu_link,-0.0336202196777,-0.177487909794,-0.0652513504028
1678277354370996415,3768,1678277354370188745,imu_link,0.00779437739402,0.0202920269221,-0.0621185302734
1678277354371089447,3769,1678277354370241393,imu_link,0.0295103900135,0.104034714401,-0.00485038757324
1678277354414676038,3770,1678277354413960841,imu_link,-0.0233200564981,0.228518694639,-0.00279808044434
1678277354414899092,3771,1678277354414058283,imu_link,0.121795468032,0.158677235246,0.0512609481812
1678277354414948813,3772,1678277354414136832,imu_link,0.0922723785043,0.284950464964,-0.153081893921
1678277354457301537,3773,1678277354456595340,imu_link,0.160126462579,0.0480660051107,-0.042308807373
1678277354457337983,3774,1678277354456689914,imu_link,0.219536617398,-0.0714903473854,0.161884307861
1678277354457669200,3775,1678277354456746087,imu_link,0.0254838410765,0.237990632653,-0.017240524292
1678277354457707842,3776,1678277354456819708,imu_link,0.0105228228495,0.143500953913,-0.166173934937
1678277354500478579,3777,1678277354499747801,imu_link,0.0546863377094,-0.166099444032,0.0262603759766
1678277354500514625,3778,1678277354499841918,imu_link,-0.257210999727,-0.199668183923,0.0227890014648
1678277354500677054,3779,1678277354499927193,imu_link,0.0182318408042,0.332309752703,0.0072660446167
1678277354542803851,3780,1678277354542204943,imu_link,-0.0243525989354,0.468913733959,0.0833740234375
1678277354542847673,3781,1678277354542295006,imu_link,0.145732700825,-0.0957140848041,-0.00967407226562
1678277354542924230,3782,1678277354542351860,imu_link,0.120551928878,-0.172111257911,0.0838012695312
1678277354586719015,3783,1678277354586095602,imu_link,0.100887298584,0.12678694725,0.0873908996582
1678277354586782741,3784,1678277354586194884,imu_link,-0.0644511654973,0.667148470879,-0.188306808472
1678277354586816941,3785,1678277354586251762,imu_link,0.0505772531033,0.260022461414,-0.147620201111
1678277354587126063,3786,1678277354586309370,imu_link,0.0473227798939,0.0380967855453,-0.098783493042
1678277354629386419,3787,1678277354628851436,imu_link,-0.0207933969796,-0.486298978329,0.0240106582642
1678277354629410306,3788,1678277354628919046,imu_link,0.00470530427992,-0.277045845985,0.08664894104
1678277354629751618,3789,1678277354628957333,imu_link,0.0594702139497,-0.150740757585,-0.0513725280762
1678277354672488560,3790,1678277354671774447,imu_link,-0.120625257492,0.152467921376,0.0910654067993
1678277354672603178,3791,1678277354671940772,imu_link,-0.0569326281548,0.299099683762,0.111207962036
1678277354672685043,3792,1678277354672019910,imu_link,0.154246270657,-0.06702709198,-0.0594635009766
1678277354672732137,3793,1678277354672092780,imu_link,-0.1085614115,-0.0679867193103,-0.00358390808105
1678277354715448611,3794,1678277354714806577,imu_link,-0.130495548248,0.0288186948746,0.0163526535034
1678277354715499781,3795,1678277354714922991,imu_link,0.080271422863,-0.295257508755,0.0338125228882
1678277354715526256,3796,1678277354714978552,imu_link,0.0197877585888,0.443476289511,-0.0372543334961
1678277354759112566,3797,1678277354758398005,imu_link,0.429256826639,-0.305599570274,-0.161628723145
1678277354759148257,3798,1678277354758505264,imu_link,-0.470162838697,-0.478691130877,0.0972270965576
1678277354759177274,3799,1678277354758567707,imu_link,0.442277550697,-0.136020600796,-0.321115493774
1678277354802244130,3800,1678277354801434549,imu_link,-0.23830679059,-0.435098916292,0.104400634766
1678277354802294349,3801,1678277354801535362,imu_link,-0.0406309850514,-0.0692107304931,-0.0130853652954
1678277354802393847,3802,1678277354801592932,imu_link,0.115607589483,-0.295465826988,-0.0287322998047
1678277354802450390,3803,1678277354801672151,imu_link,0.016063708812,0.142379879951,0.166491508484
1678277354845798677,3804,1678277354845024101,imu_link,0.120174884796,-0.109334997833,-0.0289897918701
1678277354845865559,3805,1678277354845119261,imu_link,0.0311555396765,-0.00436064740643,-0.154487609863
1678277354845987195,3806,1678277354845196684,imu_link,0.0679665580392,-0.0811358690262,0.0655212402344
1678277354888120743,3807,1678277354887468104,imu_link,0.0054376302287,-0.244177475572,0.0920639038086
1678277354888160151,3808,1678277354887560723,imu_link,-0.0939765274525,0.104768618941,-0.0273323059082
1678277354888208851,3809,1678277354887618959,imu_link,-0.0492577329278,-0.20643953979,-0.0718145370483
1678277354888549898,3810,1678277354887692743,imu_link,0.000290418742225,-0.334532499313,0.00272655487061
1678277354931504215,3811,1678277354930709778,imu_link,-0.0679217129946,-0.252791553736,-0.0184707641602
1678277354931581483,3812,1678277354930804611,imu_link,-0.136008068919,-0.0819311216474,0.0975847244263
1678277354931829886,3813,1678277354930875878,imu_link,0.0992977619171,0.00309789460152,-0.0145826339722
1678277354974068982,3814,1678277354973411051,imu_link,0.0123505303636,0.121892571449,-0.0717554092407
1678277354974213147,3815,1678277354973505406,imu_link,-0.0130246775225,-0.00812798924744,-0.0459489822388
1678277354974291762,3816,1678277354973562565,imu_link,-0.0104879029095,-0.070529602468,0.0762147903442
1678277355017534341,3817,1678277355016619462,imu_link,-0.107400454581,0.089848831296,0.01318359375
1678277355017574512,3818,1678277355016723682,imu_link,0.0393846482038,-0.0212073326111,-0.0346822738647
1678277355017650049,3819,1678277355016781753,imu_link,0.14790853858,-0.290571659803,0.156215667725
1678277355017701332,3820,1678277355016834659,imu_link,0.160837322474,-0.203622847795,0.168972969055
1678277355060794840,3821,1678277355059813307,imu_link,-0.119345530868,-0.0838536918163,0.0792760848999
1678277355060855180,3822,1678277355059937426,imu_link,-0.108161322773,0.0765909925103,0.0356159210205
1678277355060893709,3823,1678277355059997116,imu_link,0.168709367514,0.107851795852,-0.0383071899414
1678277355103766498,3824,1678277355103079501,imu_link,0.107968203723,-0.112289786339,0.00793266296387
1678277355103832631,3825,1678277355103195456,imu_link,-0.0517069362104,-0.531084418297,-0.0391311645508
1678277355103894128,3826,1678277355103252998,imu_link,-0.132081031799,0.0697774961591,0.133177757263
1678277355104110356,3827,1678277355103315731,imu_link,0.0825338736176,-0.160058736801,-0.120758056641
1678277355147218479,3828,1678277355146474160,imu_link,-0.0819384232163,0.173037111759,0.00656604766846
1678277355147236391,3829,1678277355146591395,imu_link,0.0334516055882,-0.112342901528,0.104610443115
1678277355147300670,3830,1678277355146647958,imu_link,0.141085162759,-0.0254676900804,-0.00637340545654
1678277355189022010,3831,1678277355188740746,imu_link,0.0542736835778,-0.202106267214,-0.0382108688354
1678277355189227005,3832,1678277355188764309,imu_link,-0.00779480906203,0.0424879081547,-0.0150003433228
1678277355189309572,3833,1678277355188776288,imu_link,0.00666218111292,0.20391009748,0.0237922668457
1678277355232704586,3834,1678277355232356643,imu_link,0.0275387782604,-0.098453566432,0.0509977340698
1678277355232717105,3835,1678277355232377145,imu_link,0.00107995548751,-0.142434999347,0.0524797439575
1678277355232726611,3836,1678277355232387700,imu_link,-0.0572174265981,-0.0060816174373,0.140115737915
1678277355232786656,3837,1678277355232402790,imu_link,0.0287461206317,0.035838175565,-0.0851249694824
1678277355275603972,3838,1678277355275304112,imu_link,-0.023144736886,0.151451691985,-0.0754632949829
1678277355275627536,3839,1678277355275329153,imu_link,0.00457653868943,0.154933199286,-0.103908538818
1678277355275656281,3840,1678277355275348849,imu_link,0.0410290658474,-0.25007429719,0.305768966675
1678277355319501791,3841,1678277355318911006,imu_link,0.142011016607,-0.228981554508,0.0884208679199
1678277355319543352,3842,1678277355318987458,imu_link,0.0891715586185,0.0677529424429,0.0338048934937
1678277355319834555,3843,1678277355319035098,imu_link,-0.0464678183198,0.0288536008447,0.00947856903076
1678277355319905332,3844,1678277355319095958,imu_link,-0.0555212497711,0.266074746847,0.0209188461304
1678277355362881169,3845,1678277355362061515,imu_link,-0.0971061140299,-0.175031304359,0.0340509414673
1678277355362935198,3846,1678277355362157245,imu_link,0.015650132671,-0.46106761694,0.239628791809
1678277355363013354,3847,1678277355362230215,imu_link,-0.0737204775214,-0.375947982073,-0.00224685668945
1678277355405021329,3848,1678277355404258040,imu_link,-0.0280271787196,-0.118637658656,-0.0633640289307
1678277355405062715,3849,1678277355404354121,imu_link,-0.0847906172276,-0.485827922821,0.0152864456177
1678277355405129988,3850,1678277355404411528,imu_link,-0.124008499086,-0.284241467714,0.171673774719
1678277355448044696,3851,1678277355447286141,imu_link,-0.098177395761,0.0399191863835,-0.0146989822388
1678277355448139160,3852,1678277355447381479,imu_link,-0.130976974964,-0.189307674766,-0.0230665206909
1678277355448175345,3853,1678277355447438732,imu_link,-0.211949199438,-0.372727662325,0.0935220718384
1678277355448500549,3854,1678277355447491381,imu_link,-0.106270730495,-0.478959769011,0.0984878540039
1678277355491315422,3855,1678277355490583502,imu_link,0.100023157895,-0.239940688014,0.0557079315186
1678277355491355121,3856,1678277355490680488,imu_link,0.027520949021,-0.207280024886,0.0476560592651
1678277355491853720,3857,1678277355490737017,imu_link,-0.0140015473589,0.0766734480858,0.0949182510376
1678277355534488286,3858,1678277355533724410,imu_link,-0.0143703045323,0.313731878996,-0.170043945312
1678277355534540081,3859,1678277355533842678,imu_link,-0.00744224945083,0.413665264845,-0.148580551147
1678277355534766915,3860,1678277355533900402,imu_link,-0.0192097425461,0.195369586349,-0.0721626281738
1678277355534827753,3861,1678277355533953041,imu_link,-0.0999074578285,0.111545272171,0.0204601287842
1678277355578293091,3862,1678277355577532786,imu_link,0.0314457528293,0.0173407811671,0.034595489502
1678277355578487141,3863,1678277355577650954,imu_link,0.0787889361382,-0.348137319088,0.204573631287
1678277355578511442,3864,1678277355577708820,imu_link,0.171982422471,-0.342528879642,0.147018432617
1678277355620702261,3865,1678277355619926224,imu_link,0.132531955838,-0.110274463892,0.0141124725342
1678277355620733971,3866,1678277355620040355,imu_link,0.107341691852,-0.0494560524821,-0.103053092957
1678277355621317121,3867,1678277355620104277,imu_link,0.092315658927,0.259842574596,-0.138566017151
1678277355621338030,3868,1678277355620162178,imu_link,-0.0155564295128,0.179592445493,0.0786552429199
1678277355663763602,3869,1678277355662959271,imu_link,0.0951840505004,-0.0341954864562,0.257862091064
1678277355663799602,3870,1678277355663069208,imu_link,0.14760799706,-0.208507224917,-0.0362558364868
1678277355663906864,3871,1678277355663132089,imu_link,-0.189094021916,0.217336118221,0.0572967529297
1678277355707044312,3872,1678277355706295986,imu_link,-0.000764539465308,-0.228895425797,0.0215339660645
1678277355707104627,3873,1678277355706394279,imu_link,-0.0484925620258,-0.1680662781,0.0849761962891
1678277355707321048,3874,1678277355706473661,imu_link,-0.0886834263802,0.211682707071,-0.0316162109375
1678277355750325512,3875,1678277355749422197,imu_link,-0.0444894358516,0.161215931177,0.00857734680176
1678277355750359560,3876,1678277355749520220,imu_link,0.0517080724239,-0.0125717157498,0.0225038528442
1678277355750582456,3877,1678277355749576772,imu_link,0.217649996281,-0.166129246354,-0.00578498840332
1678277355750624244,3878,1678277355749650581,imu_link,0.110969863832,-0.213209912181,0.143664360046
1678277355793604800,3879,1678277355792907312,imu_link,0.0942244455218,-0.269524365664,0.0418996810913
1678277355793650246,3880,1678277355793004608,imu_link,-0.0351401567459,0.172871619463,-0.104339599609
1678277355794048729,3881,1678277355793080671,imu_link,-0.0521330796182,0.394571572542,-0.0867624282837
1678277355836944577,3882,1678277355836208687,imu_link,-0.0816926881671,0.167497187853,-0.022274017334
1678277355837004399,3883,1678277355836305076,imu_link,0.00837297365069,-0.208831548691,0.0656299591064
1678277355837229010,3884,1678277355836363356,imu_link,0.00919171608984,-0.389775246382,-0.0279397964478
1678277355837255938,3885,1678277355836415725,imu_link,-0.135317340493,0.22313375771,0.0768032073975
1678277355879199330,3886,1678277355878461739,imu_link,0.0577029772103,0.0376276411116,-0.190752029419
1678277355879252977,3887,1678277355878557209,imu_link,-0.0396819673479,-0.00708183739334,-0.0975742340088
1678277355879311972,3888,1678277355878613266,imu_link,-0.0871662646532,-0.167454987764,-0.029655456543
1678277355922774541,3889,1678277355922062860,imu_link,0.0158097129315,-0.0135084064677,0.0714464187622
1678277355922812156,3890,1678277355922156895,imu_link,0.121560774744,-0.17421451211,0.0130233764648
1678277355922858198,3891,1678277355922213067,imu_link,0.00446096947417,-0.116556078196,0.0547475814819
1678277355966197063,3892,1678277355965428950,imu_link,0.0128959566355,0.139780730009,0.0197591781616
1678277355966252540,3893,1678277355965550507,imu_link,0.0790628343821,0.254906833172,-0.02294921875
1678277355966419674,3894,1678277355965607882,imu_link,0.0122126713395,0.118069522083,-0.100831031799
1678277355966513858,3895,1678277355965660725,imu_link,0.0153435422108,0.280560106039,0.166156768799
1678277356009267849,3896,1678277356008500954,imu_link,-0.0463200248778,0.264518648386,-0.129034996033
1678277356009307061,3897,1678277356008604503,imu_link,-0.00581353530288,-0.372960180044,0.160484313965
1678277356009564409,3898,1678277356008661093,imu_link,0.0360799096525,-0.296942740679,0.0414562225342
1678277356052402771,3899,1678277356051693241,imu_link,0.00946059450507,-0.199874281883,0.0273036956787
1678277356052465973,3900,1678277356051807206,imu_link,0.0188065841794,-0.268261104822,0.102882385254
1678277356052983243,3901,1678277356051870467,imu_link,0.0249621681869,-0.0967096090317,-0.0833473205566
1678277356053009443,3902,1678277356051960439,imu_link,-0.00241109658964,-0.196548879147,-0.0803194046021
1678277356094952918,3903,1678277356094195148,imu_link,-0.00126146699768,-0.0571587942541,-0.00132369995117
1678277356095004168,3904,1678277356094313864,imu_link,-0.0726895034313,0.113645210862,-0.0643081665039
1678277356095070812,3905,1678277356094370777,imu_link,0.0609094873071,-0.0373343527317,-0.0636625289917
1678277356138208747,3906,1678277356137472019,imu_link,-0.0170606337488,0.0624648928642,-0.0461091995239
1678277356138240979,3907,1678277356137567372,imu_link,-0.11266785115,0.0230823196471,0.0624828338623
1678277356138549082,3908,1678277356137644428,imu_link,0.000191710569197,-0.0296809002757,0.0541391372681
1678277356180774749,3909,1678277356180079173,imu_link,-0.0252068098634,-0.0174930226058,0.0839328765869
1678277356180860450,3910,1678277356180175706,imu_link,0.0234544929117,0.0557204931974,-0.0892095565796
1678277356181304378,3911,1678277356180232663,imu_link,0.040967412293,0.00203159102239,0.00547122955322
1678277356181337032,3912,1678277356180307411,imu_link,-0.40732100606,-0.021460223943,0.011209487915
1678277356224342664,3913,1678277356223641146,imu_link,0.324557781219,0.288251429796,0.136039733887
1678277356224381681,3914,1678277356223737193,imu_link,0.384835839272,-0.200917452574,-0.118865966797
1678277356224633596,3915,1678277356223809738,imu_link,-0.287357985973,-0.0660665482283,-0.0467329025269
1678277356268029589,3916,1678277356267202556,imu_link,0.00504391873255,0.236570432782,-0.0274438858032
1678277356268121089,3917,1678277356267296640,imu_link,-0.100772410631,0.210277944803,-0.0949907302856
1678277356268152473,3918,1678277356267354027,imu_link,-0.0361348092556,0.155122637749,0.00248336791992
1678277356268176009,3919,1678277356267407416,imu_link,-0.0807640850544,0.0232726540416,-0.0107393264771
1678277356310753724,3920,1678277356310054964,imu_link,0.0718518421054,-0.407453685999,0.0968074798584
1678277356310826822,3921,1678277356310149952,imu_link,0.105774365366,-0.519126355648,0.0917949676514
1678277356310856574,3922,1678277356310206720,imu_link,0.0384884849191,0.0191612020135,0.0383749008179
1678277356353683852,3923,1678277356352988420,imu_link,0.0520690232515,-0.0425929911435,0.0408000946045
1678277356353730044,3924,1678277356353083031,imu_link,-0.0188552066684,-0.116310440004,-0.0403480529785
1678277356354027334,3925,1678277356353140232,imu_link,0.012027929537,-0.317820757627,0.11450958252
1678277356396962984,3926,1678277356396227539,imu_link,-0.123726986349,-0.418808460236,0.0612812042236
1678277356397052288,3927,1678277356396345905,imu_link,-0.0562376454473,-0.0386141315103,-0.124300956726
1678277356397066554,3928,1678277356396403504,imu_link,-0.0615955106914,-0.00587552739307,0.0176582336426
1678277356397274950,3929,1678277356396457419,imu_link,-0.169456467032,0.146135091782,0.266129493713
1678277356439486173,3930,1678277356438579280,imu_link,-0.0793004631996,-0.0680210739374,0.055344581604
1678277356439596613,3931,1678277356438683168,imu_link,0.0930078402162,-0.0133993215859,-0.168811798096
1678277356439730593,3932,1678277356438739021,imu_link,0.00215979083441,-0.00675879651681,-0.0589733123779
1678277356482665303,3933,1678277356481945764,imu_link,0.0573621317744,-0.287948876619,0.137765884399
1678277356482733863,3934,1678277356482064007,imu_link,-0.0453561879694,0.119798175991,0.0646915435791
1678277356482941917,3935,1678277356482121269,imu_link,0.16581441462,-0.00688340654597,0.0270166397095
1678277356483013360,3936,1678277356482174244,imu_link,0.0456192344427,0.331917315722,-0.13152885437
1678277356526365673,3937,1678277356525629444,imu_link,-0.0379302427173,0.529806733131,-0.101015090942
1678277356526536079,3938,1678277356525747024,imu_link,0.0517756678164,0.0165538433939,-0.0298175811768
1678277356526555196,3939,1678277356525804061,imu_link,-0.00516201602295,-0.0499966666102,0.0561542510986
1678277356568846315,3940,1678277356568004040,imu_link,0.0921840593219,-0.356000840664,0.0650835037231
1678277356568928073,3941,1678277356568100483,imu_link,-0.0320982560515,-0.36857059598,0.101621627808
1678277356568974993,3942,1678277356568179815,imu_link,-0.0362224020064,0.166511103511,0.0113353729248
1678277356611943681,3943,1678277356611183592,imu_link,-0.0665956512094,0.196037039161,0.010627746582
1678277356612004128,3944,1678277356611281104,imu_link,-0.138447657228,0.0698571652174,-0.0850706100464
1678277356612048359,3945,1678277356611337687,imu_link,-0.0386164076626,0.104255124927,-0.0670022964478
1678277356612202445,3946,1678277356611412362,imu_link,0.0565302148461,-0.0251730903983,0.0984735488892
1678277356655374852,3947,1678277356654604375,imu_link,0.0414586663246,-0.236407086253,0.0601587295532
1678277356655408116,3948,1678277356654699853,imu_link,0.0610533989966,-0.275402784348,0.011456489563
1678277356655426593,3949,1678277356654773650,imu_link,-0.0468880273402,-0.186208605766,0.121013641357
1678277356697891497,3950,1678277356697131219,imu_link,0.0305246971548,-0.271437346935,-0.0252342224121
1678277356697939155,3951,1678277356697226414,imu_link,0.0211702473462,0.218428015709,0.0730381011963
1678277356698122504,3952,1678277356697283139,imu_link,-0.122482970357,0.0402137823403,-0.0277242660522
1678277356698257961,3953,1678277356697351273,imu_link,0.0319688916206,-0.0811991542578,-0.0698699951172
1678277356741986190,3954,1678277356741266037,imu_link,-0.0337228775024,-0.0778181031346,-0.0366563796997
1678277356742044333,3955,1678277356741360606,imu_link,0.0493311733007,0.179272279143,-0.0617685317993
1678277356742119483,3956,1678277356741417707,imu_link,0.0080936672166,-0.202090784907,0.0433864593506
1678277356784512446,3957,1678277356783748738,imu_link,0.0953880921006,-0.0885878279805,0.0418338775635
1678277356784542010,3958,1678277356783843897,imu_link,0.0440696254373,-0.161523729563,0.0513458251953
1678277356784585062,3959,1678277356783931695,imu_link,0.0254007726908,0.143887326121,0.0297613143921
1678277356784998175,3960,1678277356783990187,imu_link,0.0246149897575,0.258293300867,0.0190563201904
1678277356827376433,3961,1678277356826662721,imu_link,0.0337304659188,-0.0503839328885,0.0664510726929
1678277356827453109,3962,1678277356826757851,imu_link,0.11684089154,-0.156099617481,0.0201215744019
1678277356827913046,3963,1678277356826814822,imu_link,0.0031324562151,-0.404111027718,-0.0560245513916
1678277356871023150,3964,1678277356870222376,imu_link,-0.0173736587167,-0.261159181595,0.0648775100708
1678277356871099314,3965,1678277356870320289,imu_link,0.0149242198095,-0.410192728043,0.0434875488281
1678277356871207543,3966,1678277356870376515,imu_link,0.0257030744106,-0.0678529813886,-0.0401191711426
1678277356913714433,3967,1678277356912937078,imu_link,0.0483403615654,0.143902182579,-0.0398635864258
1678277356913735681,3968,1678277356913035324,imu_link,0.0808880925179,0.255154460669,-0.0759677886963
1678277356914216953,3969,1678277356913115227,imu_link,0.0597637966275,-0.4430090487,0.0410461425781
1678277356914408686,3970,1678277356913167786,imu_link,0.136614486575,-0.405151665211,0.0294036865234
1678277356956961713,3971,1678277356956115981,imu_link,0.056633323431,-0.00667623011395,0.127216339111
1678277356957035026,3972,1678277356956234962,imu_link,-0.103427968919,0.387354642153,-0.0856885910034
1678277356957082966,3973,1678277356956291683,imu_link,-0.0616088397801,0.239750668406,-0.0896377563477
1678277356999762684,3974,1678277356999043546,imu_link,-0.0289675053209,0.095535159111,-0.0142707824707
1678277356999800567,3975,1678277356999141338,imu_link,0.0250206030905,-0.232286989689,0.059268951416
1678277357000119696,3976,1678277356999218968,imu_link,0.108411595225,-0.0155241023749,0.177662849426
1678277357000567334,3977,1678277356999273327,imu_link,0.137741774321,-0.0255020540208,0.0880918502808
1678277357042960197,3978,1678277357042100460,imu_link,0.156987071037,0.0290451347828,0.0579586029053
1678277357043042763,3979,1678277357042198177,imu_link,0.0120612420142,0.176581993699,0.0552349090576
1678277357043104384,3980,1678277357042276647,imu_link,-0.091812081635,0.261937588453,-0.0677938461304
1678277357086788908,3981,1678277357085991424,imu_link,-0.0508865267038,0.37789490819,-0.173560142517
1678277357086816497,3982,1678277357086086878,imu_link,-0.146089479327,0.0575127676129,-0.00463199615479
1678277357087003382,3983,1678277357086159710,imu_link,-0.119463212788,-0.285268515348,0.0355939865112
1678277357129877455,3984,1678277357129094521,imu_link,-0.113397374749,-0.324159413576,-0.0203609466553
1678277357129907140,3985,1678277357129215315,imu_link,-0.0409063026309,0.0122785251588,-0.0137062072754
1678277357129959833,3986,1678277357129276343,imu_link,-0.106780692935,0.105146944523,-0.0367164611816
1678277357130549649,3987,1678277357129348840,imu_link,0.0493517369032,0.436969161034,0.0170259475708
1678277357171990888,3988,1678277357171210646,imu_link,0.0735334008932,0.358186721802,0.0629405975342
1678277357172104392,3989,1678277357171307740,imu_link,0.0655060112476,0.244097337127,0.0580282211304
1678277357172142128,3990,1678277357171364580,imu_link,0.0871266946197,0.0691244527698,-0.0683727264404
1678277357215155988,3991,1678277357214429142,imu_link,0.0790560916066,-0.31187838316,0.0727338790894
1678277357215191418,3992,1678277357214522341,imu_link,0.0161527842283,-0.219893664122,0.0557346343994
1678277357215596520,3993,1678277357214578542,imu_link,-0.0206396616995,-0.029901213944,0.086142539978
1678277357215627716,3994,1678277357214630438,imu_link,-0.0220558233559,0.205284938216,-0.039306640625
1678277357258875597,3995,1678277357258139711,imu_link,-0.0230711996555,0.217536225915,0.00949096679688
1678277357259020503,3996,1678277357258235086,imu_link,-0.0346440076828,-0.0327557735145,-0.0502910614014
1678277357259100373,3997,1678277357258292777,imu_link,-0.0632549077272,-0.645874142647,0.102799415588
1678277357301976239,3998,1678277357301006203,imu_link,0.0536286085844,-0.751762032509,0.0997638702393
1678277357302070567,3999,1678277357301110214,imu_link,0.0319845229387,0.107765138149,0.0770015716553
1678277357302108895,4000,1678277357301167165,imu_link,0.0891783833504,0.0536603927612,-0.00209045410156
1678277357344918083,4001,1678277357344211954,imu_link,0.14121773839,0.166275411844,-0.0559034347534
1678277357344977757,4002,1678277357344308957,imu_link,0.133082613349,0.176719889045,-0.0475025177002
1678277357345224521,4003,1678277357344388132,imu_link,-0.058150280267,0.406972378492,-0.0533647537231
1678277357345336251,4004,1678277357344442442,imu_link,-0.0510321520269,0.00200044969097,0.00372409820557
1678277357388094500,4005,1678277357387229013,imu_link,0.109029769897,-0.526294231415,0.13529586792
1678277357388201650,4006,1678277357387347101,imu_link,0.0624051615596,0.309012770653,0.00504779815674
1678277357388225335,4007,1678277357387405694,imu_link,-0.104474261403,0.741116821766,-0.0268802642822
1678277357430573539,4008,1678277357429853994,imu_link,-0.112447559834,-0.0473348870873,-0.0124835968018
1678277357430767463,4009,1678277357429951364,imu_link,-0.0115218879655,0.0713107138872,-0.135935783386
1678277357430788281,4010,1678277357430029818,imu_link,-0.0371244549751,-0.156270682812,0.0197534561157
1678277357430806898,4011,1678277357430083955,imu_link,0.0109802568331,-0.0974931418896,0.0580110549927
1678277357473603985,4012,1678277357472883539,imu_link,0.038067329675,-0.1248691082,-0.0665864944458
1678277357473838924,4013,1678277357472995428,imu_link,0.100152768195,-0.0845201164484,0.0810317993164
1678277357473852931,4014,1678277357473058345,imu_link,0.104393601418,-0.0689079388976,0.057391166687
1678277357517567650,4015,1678277357516867066,imu_link,0.0933416709304,-0.0512369088829,0.162176132202
1678277357517600996,4016,1678277357516961858,imu_link,0.0319581665099,-0.0242072157562,0.140439033508
1678277357517630650,4017,1678277357517033872,imu_link,-0.0238784160465,-0.0292083565146,0.0470266342163
1678277357560114305,4018,1678277357559352321,imu_link,-0.0676950663328,-0.0876429006457,-0.138118743896
1678277357560206542,4019,1678277357559447155,imu_link,-0.0693067386746,-0.0548595227301,-0.0705089569092
1678277357560341667,4020,1678277357559503181,imu_link,-0.0652894377708,-0.0372588783503,-0.0685253143311
1678277357560366567,4021,1678277357559577653,imu_link,-0.015038844198,-0.0630222409964,0.0146989822388
1678277357603206668,4022,1678277357602318955,imu_link,0.034507162869,-0.0932675972581,-0.0314540863037
1678277357603324487,4023,1678277357602416035,imu_link,0.0616886131465,-0.0954931005836,0.00260925292969
1678277357603435751,4024,1678277357602472501,imu_link,0.0444771796465,-0.084055788815,0.0221834182739
1678277357646575905,4025,1678277357645841332,imu_link,0.0909553989768,-0.0858547315001,0.0940914154053
1678277357646600588,4026,1678277357645936187,imu_link,0.0943502411246,-0.112727224827,0.103791236877
1678277357646926985,4027,1678277357645992372,imu_link,0.0202176906168,-0.0445786565542,0.0500535964966
1678277357646957306,4028,1678277357646044202,imu_link,0.0083572845906,-0.0527568459511,0.00763320922852
1678277357689433112,4029,1678277357688684727,imu_link,-0.0326934531331,-0.0264550913125,-0.106505393982
1678277357689501390,4030,1678277357688777439,imu_link,-0.0287902317941,-0.0176415890455,-0.0920600891113
1678277357689782618,4031,1678277357688833749,imu_link,-0.0319488681853,-0.0728997588158,-0.109798431396
1678277357732898773,4032,1678277357732187204,imu_link,-0.0176731981337,-0.0697458535433,-0.031361579895
1678277357732976046,4033,1678277357732288434,imu_link,0.0204351991415,-0.101909324527,0.105493545532
1678277357733170221,4034,1678277357732344255,imu_link,0.0371946357191,-0.0734722912312,0.100156784058
1678277357775851974,4035,1678277357775140591,imu_link,0.023572769016,-0.0563650391996,0.00166034698486
1678277357775949012,4036,1678277357775253880,imu_link,0.0517022162676,-0.0826114192605,0.0880517959595
1678277357776418198,4037,1678277357775318033,imu_link,0.136652722955,-0.0977563783526,0.0993242263794
1678277357776507708,4038,1678277357775371550,imu_link,0.118398040533,-0.121614485979,0.0652847290039
1678277357819331485,4039,1678277357818623634,imu_link,0.0916535407305,-0.0935006216168,0.0854005813599
1678277357819349876,4040,1678277357818766083,imu_link,-0.0368020497262,-0.0136811137199,-0.0144033432007
1678277357819380792,4041,1678277357818843466,imu_link,-0.0670837834477,0.0120349153876,-0.0475778579712
1678277357862421382,4042,1678277357861669582,imu_link,-0.134631887078,0.0294239297509,-0.080943107605
1678277357862505965,4043,1678277357861785105,imu_link,-0.120889909565,-0.0821782276034,-0.0986242294312
1678277357862582669,4044,1678277357861889610,imu_link,-0.0759098529816,-0.185551345348,-0.146043777466
1678277357862656817,4045,1678277357861964990,imu_link,0.00483255740255,-0.119885846972,-0.0553579330444
1678277357905065987,4046,1678277357904297106,imu_link,0.0546341836452,-0.114599362016,-0.0286912918091
1678277357905112874,4047,1678277357904430741,imu_link,0.0323107615113,-0.101000957191,0.0204563140869
1678277357905323608,4048,1678277357904515834,imu_link,0.078576117754,-0.0704091563821,0.0643367767334
1678277357947920770,4049,1678277357947229609,imu_link,0.011243048124,-0.0574356950819,0.0105018615723
1678277357948007105,4050,1678277357947342980,imu_link,0.00655336352065,-0.0738935992122,0.00210857391357
1678277357948342894,4051,1678277357947418061,imu_link,-0.0192562136799,-0.0905040726066,-0.061975479126
1678277357991500655,4052,1678277357990819371,imu_link,0.0257875360548,-0.139120027423,0.0440492630005
1678277357991550609,4053,1678277357990929885,imu_link,0.0651285424829,-0.245619535446,-0.0309524536133
1678277357991659093,4054,1678277357991006081,imu_link,0.09841132164,0.0376983955503,-0.0521078109741
1678277357991810365,4055,1678277357991105420,imu_link,0.0627989023924,0.012900268659,0.0788621902466
1678277358034036318,4056,1678277358033754058,imu_link,0.136997967958,-0.114814400673,0.128334999084
1678277358034175472,4057,1678277358033787944,imu_link,0.0881924554706,-0.0533692836761,0.107074737549
1678277358034187888,4058,1678277358033807771,imu_link,0.119156703353,-0.143954232335,0.0978336334229
1678277358077285227,4059,1678277358076367074,imu_link,0.00195213069674,-0.088486880064,0.00727939605713
1678277358077331772,4060,1678277358076479248,imu_link,-0.0315708629787,-0.0219137370586,-0.00816249847412
1678277358077363852,4061,1678277358076554674,imu_link,-0.0428145937622,-0.0114711653441,-0.0311822891235
1678277358077406241,4062,1678277358076628528,imu_link,-0.0472131930292,0.0167289804667,-0.132682800293
1678277358120510853,4063,1678277358119765570,imu_link,-0.121879592538,-0.171525210142,-0.0962057113647
1678277358120596899,4064,1678277358119906687,imu_link,-0.111655391753,-0.114684097469,-0.0962219238281
1678277358120805274,4065,1678277358119993399,imu_link,-0.0038162493147,-0.111749358475,-0.0378351211548
1678277358163241738,4066,1678277358162488836,imu_link,0.0672303587198,-0.0726549178362,0.113620758057
1678277358163326218,4067,1678277358162587796,imu_link,0.247050583363,-0.0751012563705,0.243812561035
1678277358163588594,4068,1678277358162644597,imu_link,0.242700591683,-0.0966740101576,0.206932067871
1678277358163640816,4069,1678277358162697007,imu_link,0.200431630015,-0.094426959753,0.242870330811
1678277358206676539,4070,1678277358205929479,imu_link,0.38306748867,-0.10252135247,-0.295114517212
1678277358206702005,4071,1678277358206023105,imu_link,0.515438914299,0.0282976552844,-0.490961074829
1678277358206733942,4072,1678277358206079419,imu_link,0.0614172182977,-0.0445685125887,-0.402391433716
1678277358249755592,4073,1678277358248822465,imu_link,-0.26230981946,-0.176651299,0.0786781311035
1678277358249853599,4074,1678277358248938808,imu_link,-0.511149525642,0.0995223894715,0.151710510254
1678277358249915244,4075,1678277358248996455,imu_link,-0.233740016818,-0.0962320417166,0.207059860229
