,square_model_xsens,,,,,,
,TX,TY,TZ,RX,RY,RZ,Valid
0.000000,137.791641,-610.506287,2763.926025,30.399216,-22.819735,52.233521,1
0.012000,137.789627,-610.501465,2763.902344,30.341763,-22.738739,52.250404,1
0.025000,137.789230,-610.505676,2763.916748,30.381844,-22.785587,52.238503,1
0.037000,137.784378,-610.501038,2763.918213,30.433514,-22.730690,52.212219,1
0.049000,137.812546,-610.521790,2763.843018,30.125881,-23.011570,52.369160,1
0.062000,137.811630,-610.521729,2763.851074,30.154951,-22.999971,52.357910,1
0.074000,137.810608,-610.521484,2763.832520,30.123444,-23.003851,52.370033,1
0.087000,137.814011,-610.520264,2763.840820,30.109684,-23.025566,52.386673,1
0.099000,137.816345,-610.530396,2763.837158,30.154343,-23.054466,52.371677,1
0.112000,137.815216,-610.531311,2763.809082,30.118744,-23.018045,52.380375,1
0.124000,137.819290,-610.534119,2763.855225,30.064072,-23.043192,52.393921,1
0.137000,137.819885,-610.534119,2763.840088,30.155630,-23.030203,52.373230,1
0.150000,137.825684,-610.530029,2763.836182,30.149349,-23.034801,52.368622,1
0.162000,137.828918,-610.532959,2763.828369,30.114841,-23.052309,52.386086,1
0.175000,137.827866,-610.542236,2763.813721,30.160866,-23.037199,52.371208,1
0.187000,137.833511,-610.547302,2763.842529,30.103659,-23.003092,52.372932,1
0.200000,137.829575,-610.546021,2763.816406,30.116800,-23.043039,52.379070,1
0.212000,137.835541,-610.549255,2763.823242,30.188528,-22.958645,52.353405,1
0.225000,137.838699,-610.534058,2763.832275,30.135683,-22.992558,52.371231,1
0.237000,137.832626,-610.539551,2763.821045,30.135372,-23.035965,52.373688,1
0.250000,137.825302,-610.542236,2763.853027,30.117153,-23.027666,52.387508,1
0.262000,137.824188,-610.515381,2763.839844,30.136099,-23.047239,52.383045,1
0.275000,137.815842,-610.515137,2763.834473,30.097397,-22.944983,52.376560,1
0.287000,137.814484,-610.506287,2763.834473,30.170181,-22.999414,52.358528,1
0.300000,137.806061,-610.494507,2763.829590,30.113464,-23.092382,52.391930,1
0.312000,137.802979,-610.506287,2763.847168,30.118765,-23.062595,52.385239,1
0.325000,137.809631,-610.501770,2763.867676,30.144009,-23.022001,52.372181,1
0.337000,137.818893,-610.471924,2763.848389,30.158684,-23.026834,52.367390,1
0.350000,137.829239,-610.463135,2763.845459,30.106251,-23.036291,52.381123,1
0.362000,137.837219,-610.443298,2763.844971,30.099415,-23.072224,52.396492,1
0.375000,137.834290,-610.431091,2763.854492,30.112200,-23.070169,52.384968,1
0.387000,137.825943,-610.473389,2763.851562,30.112682,-23.077194,52.384445,1
0.400000,137.806641,-610.507202,2763.841797,30.115602,-23.032625,52.386021,1
0.412000,137.786743,-610.497925,2763.836182,30.215271,-23.107662,52.372883,1
0.425000,137.786270,-610.649902,2763.778076,30.086950,-23.024292,52.391075,1
0.437000,137.804291,-610.637207,2763.774170,30.167963,-23.024548,52.367889,1
0.450000,137.858047,-610.486694,2763.843506,30.178782,-23.011488,52.361374,1
0.462000,137.888794,-610.448486,2763.842529,30.105227,-23.028931,52.379169,1
0.475000,137.901184,-610.308350,2763.872559,30.161976,-23.068737,52.368549,1
0.487000,137.912094,-610.389404,2763.843506,30.110462,-22.999554,52.371555,1
0.500000,137.887924,-610.710754,2763.759766,30.109520,-23.055937,52.381680,1
0.512000,137.851212,-610.659973,2763.737305,30.155453,-23.034361,52.377693,1
0.525000,137.815353,-610.493042,2763.822266,30.163721,-23.037100,52.367043,1
0.537000,137.768784,-610.493164,2763.807373,30.099442,-22.972361,52.376038,1
0.550000,137.752060,-610.392456,2763.873535,30.110798,-23.058929,52.381092,1
0.562000,137.759415,-610.375183,2763.863770,30.133066,-23.056295,52.380913,1
0.575000,137.784317,-610.679626,2763.784180,30.119806,-23.009432,52.378918,1
0.587000,137.837982,-610.719666,2763.770996,30.146626,-23.018686,52.370564,1
0.600000,137.888397,-610.499146,2763.831787,30.172586,-22.994543,52.367004,1
0.612000,137.934830,-610.473755,2763.830078,30.076950,-23.029135,52.384026,1
0.625000,137.966949,-610.426208,2763.852783,30.171566,-23.060843,52.368336,1
0.637000,137.979416,-610.439575,2763.811768,30.116764,-22.993052,52.365032,1
0.650000,137.962738,-610.711853,2763.751465,30.108124,-23.076122,52.389511,1
0.662000,137.923477,-610.662964,2763.746338,30.121704,-22.998634,52.384689,1
0.675000,137.862579,-610.454590,2763.821777,30.120188,-22.947762,52.365944,1
0.687000,137.798798,-610.462891,2763.848389,30.196964,-22.973141,52.358311,1
0.700000,137.739166,-610.418213,2763.857178,30.056559,-23.012373,52.392990,1
0.712000,137.712326,-610.502136,2763.850830,30.073170,-23.007521,52.385044,1
0.725000,137.704407,-610.718140,2763.753662,30.101082,-22.981089,52.375828,1
0.737000,137.740448,-610.649963,2763.781006,30.121098,-23.035616,52.383289,1
0.750000,137.804703,-610.478271,2763.844727,30.132975,-22.970818,52.363781,1
0.762000,137.879715,-610.455627,2763.813232,30.124311,-23.078348,52.382263,1
0.775000,137.957504,-610.436646,2763.834961,30.150156,-23.087666,52.374840,1
0.787000,138.000107,-610.507019,2763.784912,30.135895,-23.051527,52.373798,1
0.800000,138.015717,-610.686279,2763.755859,30.163584,-23.036879,52.371002,1
0.812000,137.997040,-610.585571,2763.767334,30.176928,-23.029108,52.363842,1
0.825000,137.941299,-610.420959,2763.827881,30.141365,-23.012766,52.370937,1
0.837000,137.869965,-610.493103,2763.823975,30.114004,-23.072523,52.381351,1
0.850000,137.790985,-610.491028,2763.838867,30.137615,-23.061440,52.378048,1
0.862000,137.731476,-610.534546,2763.803955,30.143234,-23.100475,52.374104,1
0.875000,137.698105,-610.684692,2763.790283,30.134935,-23.046638,52.376656,1
0.887000,137.695160,-610.566772,2763.823486,30.083391,-23.019148,52.382423,1
0.900000,137.734253,-610.448486,2763.858154,30.142666,-22.994947,52.373985,1
0.912000,137.801666,-610.496765,2763.833008,30.133135,-23.014141,52.377762,1
0.925000,137.870789,-610.488159,2763.807861,30.173424,-23.010700,52.355755,1
0.937000,137.943176,-610.547424,2763.800049,30.173126,-22.991343,52.356892,1
0.950000,137.989975,-610.634033,2763.753906,30.135689,-23.039366,52.378086,1
0.962000,138.000244,-610.512024,2763.809082,30.131338,-23.060228,52.383080,1
0.975000,137.980026,-610.432800,2763.816650,30.121704,-23.025316,52.374668,1
0.987000,137.927414,-610.501465,2763.805908,30.109495,-22.990133,52.374733,1
1.000000,137.865341,-610.512512,2763.826416,30.139952,-23.094551,52.385445,1
1.012000,137.790863,-610.568604,2763.811035,30.179813,-23.005178,52.354603,1
1.025000,137.735641,-610.617188,2763.815674,30.179516,-23.084925,52.366581,1
1.037000,137.701111,-610.503845,2763.820068,30.175541,-23.011442,52.367393,1
1.050000,137.703781,-610.460815,2763.836182,30.164970,-23.002590,52.351456,1
1.062000,137.735703,-610.523621,2763.835938,30.125557,-23.010118,52.368565,1
1.075000,137.798401,-610.531677,2763.812500,30.166288,-23.006416,52.360767,1
1.087000,137.874466,-610.573914,2763.804199,30.121117,-23.071749,52.377388,1
1.100000,137.945435,-610.597778,2763.805420,30.120001,-23.062466,52.390503,1
1.112000,137.996323,-610.484924,2763.816406,30.144613,-23.014063,52.367737,1
1.125000,138.018478,-610.469299,2763.828613,30.106806,-23.028156,52.387447,1
1.137000,137.998901,-610.529602,2763.793945,30.110260,-23.022488,52.385399,1
1.150000,137.953979,-610.540588,2763.802002,30.159647,-23.103773,52.375786,1
1.162000,137.891022,-610.581177,2763.798340,30.103041,-22.957304,52.374161,1
1.175000,137.813095,-610.567627,2763.800781,30.043137,-23.092815,52.406975,1
1.187000,137.746857,-610.483948,2763.825439,30.189474,-22.995571,52.359627,1
1.200000,137.707642,-610.485291,2763.862549,30.085806,-23.046200,52.385952,1
1.212000,137.697174,-610.537048,2763.856934,30.116835,-23.004465,52.372433,1
1.225000,137.723434,-610.548889,2763.812988,30.165678,-22.976646,52.367229,1
1.237000,137.781372,-610.567200,2763.813721,30.093161,-23.060041,52.388763,1
1.250000,137.851395,-610.539612,2763.800049,30.135447,-22.991037,52.366913,1
1.262000,137.923599,-610.484497,2763.822754,30.096584,-23.070303,52.388378,1
1.275000,137.974670,-610.486267,2763.822998,30.141356,-23.044573,52.377628,1
1.287000,138.007156,-610.536865,2763.821289,30.087448,-23.032242,52.384430,1
1.300000,137.999268,-610.553223,2763.798584,30.156853,-23.050726,52.378899,1
1.312000,137.955246,-610.566406,2763.814941,30.139420,-23.003918,52.374084,1
1.325000,137.894302,-610.533936,2763.817627,30.153725,-23.055471,52.375278,1
1.337000,137.825470,-610.483459,2763.823242,30.139402,-22.999876,52.370617,1
1.350000,137.762054,-610.498169,2763.832520,30.141356,-23.068041,52.377831,1
1.362000,137.718002,-610.541382,2763.834961,30.173368,-22.911211,52.355606,1
1.375000,137.705353,-610.558716,2763.861084,30.168919,-22.983555,52.361263,1
1.387000,137.726059,-610.545776,2763.818604,30.139767,-22.980413,52.366528,1
1.400000,137.775238,-610.567383,2763.806641,30.133734,-23.015837,52.378635,1
1.412000,137.852493,-610.548828,2763.820068,30.179865,-22.993500,52.355270,1
1.425000,137.927963,-610.499329,2763.818604,30.156229,-22.976843,52.368534,1
1.437000,137.984070,-610.525208,2763.799316,30.132643,-22.982147,52.367283,1
1.450000,138.014404,-610.539490,2763.793945,30.140871,-23.074438,52.374504,1
1.462000,138.003311,-610.509033,2763.768799,30.176605,-22.998302,52.355747,1
1.475000,137.958481,-610.554932,2763.790771,30.123604,-22.999310,52.373730,1
1.487000,137.898514,-610.550293,2763.821289,30.165455,-22.987183,52.363819,1
1.500000,137.831802,-610.501953,2763.818848,30.130438,-22.988649,52.372131,1
1.512000,137.766602,-610.525146,2763.821289,30.153698,-23.046703,52.373745,1
1.525000,137.722382,-610.535522,2763.810791,30.120810,-23.021719,52.375187,1
1.537000,137.715576,-610.522583,2763.826660,30.093885,-22.988693,52.377651,1
1.550000,137.741425,-610.555481,2763.828125,30.149261,-22.989332,52.360909,1
1.562000,137.788940,-610.556641,2763.814697,30.113844,-22.998877,52.373581,1
1.575000,137.854858,-610.499451,2763.817139,30.184427,-23.011402,52.359451,1
1.587000,137.921158,-610.516663,2763.830811,30.090231,-23.157116,52.402138,1
1.600000,137.970627,-610.538635,2763.769531,30.125971,-23.014599,52.375393,1
1.612000,137.998886,-610.539673,2763.819580,30.204950,-23.040615,52.360989,1
1.625000,137.992340,-610.553223,2763.802002,30.170366,-23.028324,52.365887,1
1.637000,137.956039,-610.539551,2763.803467,30.175442,-22.986616,52.365963,1
1.650000,137.892746,-610.509583,2763.797119,30.098749,-23.043503,52.385075,1
1.662000,137.831070,-610.518738,2763.812988,30.145231,-23.050941,52.378387,1
1.675000,137.767761,-610.538574,2763.808350,30.144596,-23.038378,52.382797,1
1.687000,137.724533,-610.555420,2763.831055,30.131826,-23.072054,52.385971,1
1.700000,137.718002,-610.546448,2763.794434,30.171913,-23.055529,52.371914,1
1.712000,137.739288,-610.532837,2763.806152,30.172983,-22.971952,52.366596,1
1.725000,137.790665,-610.516174,2763.826904,30.108232,-23.081041,52.383080,1
1.737000,137.853317,-610.518066,2763.818848,30.197565,-23.090010,52.370461,1
1.750000,137.916718,-610.539734,2763.798096,30.171507,-22.949076,52.360432,1
1.762000,137.965027,-610.547729,2763.809082,30.089104,-23.011389,52.383045,1
1.775000,137.992050,-610.540710,2763.791016,30.145473,-23.084366,52.383503,1
1.787000,137.984604,-610.521851,2763.789551,30.111534,-22.999807,52.369602,1
1.800000,137.951385,-610.514954,2763.803955,30.087418,-23.045708,52.386761,1
1.812000,137.901306,-610.524475,2763.796387,30.111528,-23.077841,52.389236,1
1.825000,137.838913,-610.548767,2763.807373,30.089985,-23.019598,52.385273,1
1.837000,137.782379,-610.550781,2763.835449,30.125830,-22.984818,52.366875,1
1.850000,137.742722,-610.542908,2763.819092,30.135735,-22.988251,52.374832,1
1.862000,137.734283,-610.525696,2763.816162,30.128057,-23.048412,52.380920,1
1.875000,137.748093,-610.524780,2763.825684,30.126650,-23.034441,52.377087,1
1.887000,137.789444,-610.529114,2763.824951,30.065878,-23.012106,52.393581,1
1.900000,137.841644,-610.544189,2763.807373,30.088633,-23.019690,52.391430,1
1.912000,137.898315,-610.539429,2763.789795,30.180359,-23.070803,52.370499,1
1.925000,137.950836,-610.534058,2763.813232,30.101542,-23.034294,52.388805,1
1.937000,137.974564,-610.529541,2763.813965,30.146095,-23.100060,52.382160,1
1.950000,0,0,0,0,0,0,0
1.962000,137.950729,-610.529968,2763.785889,30.063040,-23.047043,52.400921,1
1.975000,137.908554,-610.547058,2763.815674,30.128515,-22.969704,52.374424,1
1.987000,137.846283,-610.541870,2763.812744,30.152870,-23.077435,52.381924,1
2.000000,137.767944,-610.519653,2763.898193,30.375891,-22.758657,52.240791,1
2.012000,137.725372,-610.510742,2763.917480,30.421499,-22.690504,52.218037,1
2.025000,137.708740,-610.513550,2763.909912,30.457020,-22.722237,52.210739,1
2.037000,137.719772,-610.527527,2763.917236,30.433437,-22.669739,52.212326,1
2.050000,137.777588,-610.545410,2763.809814,30.126390,-23.034870,52.370480,1
2.062000,137.833237,-610.534668,2763.809814,30.125195,-23.069548,52.386299,1
2.075000,137.891281,-610.529846,2763.816895,30.149992,-23.097069,52.375515,1
2.087000,137.937729,-610.524170,2763.812256,30.145857,-22.974464,52.362701,1
2.100000,137.966721,-610.526306,2763.811768,30.102314,-23.082455,52.389828,1
2.112000,137.977615,-610.537354,2763.812744,30.120131,-23.102627,52.392658,1
2.125000,137.953949,-610.540405,2763.795654,30.142769,-22.980913,52.373444,1
2.137000,137.909683,-610.539551,2763.816406,30.103321,-23.054863,52.390385,1
2.150000,137.855209,-610.523438,2763.801758,30.118795,-23.090946,52.391449,1
2.162000,137.804565,-610.530090,2763.821289,30.113150,-22.955734,52.368668,1
2.175000,137.760071,-610.539001,2763.836670,30.174339,-23.010578,52.369614,1
2.187000,137.741409,-610.543335,2763.829834,30.147537,-22.998493,52.364681,1
2.200000,137.751190,-610.551697,2763.843506,30.141157,-23.047979,52.379662,1
2.212000,137.781021,-610.537964,2763.852051,30.091595,-23.142181,52.403976,1
2.225000,137.828384,-610.526794,2763.830566,30.143633,-23.079098,52.382168,1
2.237000,137.885651,-610.525452,2763.819092,30.123262,-23.013603,52.375710,1
2.250000,137.930481,-610.535522,2763.822754,30.196342,-22.979946,52.351093,1
2.262000,137.964386,-610.537964,2763.803711,30.123972,-23.019354,52.383572,1
2.275000,137.968307,-610.541138,2763.825928,30.160822,-23.042688,52.360699,1
2.287000,137.954605,-610.531250,2763.813721,30.122381,-23.015804,52.377644,1
2.300000,137.914551,-610.527405,2763.818359,30.134840,-23.077778,52.374756,1
2.312000,137.862869,-610.529968,2763.816650,30.136961,-23.008240,52.374828,1
2.325000,137.813446,-610.544067,2763.829102,30.146618,-22.957989,52.370182,1
2.337000,137.770538,-610.546082,2763.831055,30.141296,-22.957850,52.364120,1
2.350000,137.749863,-610.542603,2763.843994,30.119707,-22.962221,52.369667,1
2.362000,137.756531,-610.532593,2763.837891,30.201641,-23.037132,52.362007,1
2.375000,137.781693,-610.533936,2763.839355,30.163595,-23.064360,52.380291,1
2.387000,137.823883,-610.540100,2763.822266,30.095976,-23.008947,52.381123,1
2.400000,137.875519,-610.549255,2763.843018,30.086054,-23.049538,52.391846,1
2.412000,137.923767,-610.537659,2763.796875,30.115196,-23.068518,52.377296,1
2.425000,137.957779,-610.540100,2763.838867,30.111996,-22.959393,52.370163,1
2.437000,137.970657,-610.525574,2763.801025,30.145321,-23.097885,52.386265,1
2.450000,137.956726,-610.529541,2763.805908,30.137417,-23.009466,52.369041,1
2.462000,137.917175,-610.535400,2763.796631,30.171593,-23.042219,52.365852,1
2.475000,137.867874,-610.545959,2763.824463,30.126261,-23.084263,52.393112,1
2.487000,137.820511,-610.549011,2763.829834,30.146772,-23.109478,52.384869,1
2.500000,137.776947,-610.539001,2763.838623,30.143602,-22.983576,52.370388,1
2.512000,137.754562,-610.533875,2763.830811,30.110899,-23.116661,52.396992,1
2.525000,137.754318,-610.539795,2763.823486,30.046738,-23.042982,52.397320,1
2.537000,137.777878,-610.549194,2763.843994,30.167463,-23.006109,52.363682,1
2.550000,137.821884,-610.548340,2763.843262,30.144812,-23.043419,52.370644,1
2.562000,137.869614,-610.544739,2763.841309,30.187971,-22.992002,52.358265,1
2.575000,137.916473,-610.531372,2763.799561,30.159483,-22.912031,52.350098,1
2.587000,137.949417,-610.530151,2763.805664,30.071312,-23.062376,52.387207,1
2.600000,137.964127,-610.530701,2763.796631,30.141468,-23.069168,52.384285,1
2.612000,137.955902,-610.539612,2763.801025,30.079351,-23.023005,52.377678,1
2.625000,137.919922,-610.539978,2763.790527,30.143797,-23.010607,52.359566,1
2.637000,137.872467,-610.536865,2763.796387,30.139982,-23.103682,52.395004,1
2.650000,137.823334,-610.520020,2763.777588,30.097649,-22.944866,52.365643,1
2.662000,137.785004,-610.536865,2763.837891,30.117405,-23.038116,52.382618,1
2.675000,137.756165,-610.541016,2763.824707,30.083206,-23.049852,52.391979,1
2.687000,137.756104,-610.543152,2763.820801,30.116726,-23.034845,52.381836,1
2.700000,137.777069,-610.539734,2763.809326,30.082298,-22.962627,52.372066,1
2.712000,137.815750,-610.534912,2763.814453,30.083979,-23.011791,52.391197,1
2.725000,137.859940,-610.524719,2763.787842,30.059174,-22.935144,52.378677,1
2.737000,137.907776,-610.527832,2763.802734,30.164110,-22.998075,52.368176,1
2.750000,137.943634,-610.545837,2763.837891,30.119162,-22.991850,52.369297,1
2.763000,137.957748,-610.541138,2763.810791,30.142029,-22.989712,52.369797,1
2.775000,137.948898,-610.536316,2763.795898,30.184704,-23.033699,52.367756,1
2.788000,137.922836,-610.537720,2763.810791,30.178385,-22.981400,52.360291,1
2.800000,137.883118,-610.533386,2763.822266,30.155439,-22.980883,52.361076,1
2.813000,137.832855,-610.534424,2763.819092,30.106453,-23.025606,52.381596,1
2.825000,137.789902,-610.537720,2763.807373,30.127653,-22.985470,52.369446,1
2.838000,137.764069,-610.540222,2763.800293,30.108665,-23.014505,52.387100,1
2.850000,137.756668,-610.539490,2763.815430,30.120123,-23.055037,52.378418,1
2.863000,137.777420,-610.543823,2763.836426,30.123877,-22.966288,52.370396,1
2.875000,137.808853,-610.533813,2763.818115,30.123941,-23.000418,52.374626,1
2.888000,137.855301,-610.536438,2763.827148,30.149317,-22.976458,52.369987,1
2.900000,137.905731,-610.538147,2763.807861,30.126493,-23.064308,52.387379,1
2.913000,137.938919,-610.539673,2763.795898,30.164248,-23.104549,52.374199,1
2.925000,137.957718,-610.533813,2763.802734,30.148319,-23.089603,52.378765,1
2.938000,137.955353,-610.531799,2763.812500,30.129047,-23.065262,52.389553,1
2.950000,137.930740,-610.531677,2763.811035,30.170650,-23.046619,52.374016,1
2.963000,137.885788,-610.538086,2763.812012,30.149948,-22.991158,52.360825,1
2.975000,137.837524,-610.546204,2763.833008,30.168287,-23.017151,52.366539,1
2.988000,137.792023,-610.547363,2763.823486,30.116316,-23.042471,52.379753,1
3.000000,137.767136,-610.539673,2763.836670,30.117949,-22.868925,52.360222,1
3.013000,137.753204,-610.537903,2763.844238,30.102045,-22.905567,52.371136,1
3.025000,137.774078,-610.536560,2763.817139,30.161539,-22.990522,52.363617,1
3.038000,137.805054,-610.537476,2763.814941,30.131998,-23.011871,52.366257,1
3.050000,137.854797,-610.540100,2763.814941,30.134336,-23.070431,52.388920,1
3.063000,137.903336,-610.537720,2763.818848,30.105814,-23.009800,52.377460,1
3.075000,137.937515,-610.531494,2763.812256,30.095911,-22.981205,52.374222,1
3.088000,137.953110,-610.529602,2763.807861,30.121574,-23.042910,52.383739,1
3.100000,137.951584,-610.537598,2763.807129,30.147503,-23.027813,52.371227,1
3.113000,137.930054,-610.536743,2763.802979,30.117706,-23.064533,52.382282,1
3.125000,137.890289,-610.536133,2763.803711,30.127428,-23.006262,52.372242,1
3.138000,137.844513,-610.538513,2763.830078,30.166159,-22.983143,52.360397,1
3.150000,137.798935,-610.529358,2763.804932,30.126465,-22.979856,52.373035,1
3.163000,137.771133,-610.538391,2763.839111,30.113163,-23.037966,52.379101,1
3.175000,137.757996,-610.533264,2763.815430,30.151241,-23.051657,52.380135,1
3.188000,137.774017,-610.536438,2763.800537,30.110811,-23.043699,52.376274,1
3.200000,137.805710,-610.534119,2763.822754,30.149811,-22.992521,52.365215,1
3.213000,137.841568,-610.533142,2763.807129,30.065718,-22.985062,52.376049,1
3.225000,137.891617,-610.531799,2763.814941,30.100037,-23.048044,52.389233,1
3.238000,137.930222,-610.530762,2763.790283,30.171490,-23.026157,52.380280,1
3.250000,137.952820,-610.534363,2763.795410,30.105011,-23.010389,52.378445,1
3.263000,137.956467,-610.534790,2763.814453,30.134516,-23.026987,52.383732,1
3.275000,137.939697,-610.537415,2763.822754,30.097515,-23.074850,52.383366,1
3.288000,137.904572,-610.528381,2763.793213,30.127251,-23.049881,52.379951,1
3.300000,137.856003,-610.528931,2763.808838,30.140871,-23.016441,52.382114,1
3.313000,137.812607,-610.533997,2763.816650,30.171862,-23.012247,52.366837,1
3.325000,137.782654,-610.539185,2763.841309,30.110250,-22.983923,52.370281,1
3.338000,137.770126,-610.540100,2763.818115,30.136765,-22.977102,52.370014,1
3.350000,137.776001,-610.533630,2763.824951,30.066643,-22.970772,52.379494,1
3.363000,137.806488,-610.535339,2763.833984,30.123716,-22.977060,52.367153,1
3.375000,137.848297,-610.531555,2763.821289,30.124718,-22.994040,52.376522,1
3.388000,137.894089,-610.533142,2763.817139,30.114140,-23.038561,52.382515,1
3.400000,137.938904,-610.532166,2763.817383,30.170797,-22.988802,52.359737,1
3.413000,137.964722,-610.534546,2763.821777,30.160873,-23.059383,52.370342,1
3.425000,137.965698,-610.528809,2763.802734,30.139187,-22.988300,52.373787,1
3.438000,137.952713,-610.532104,2763.809326,30.084265,-23.100029,52.395313,1
3.450000,137.915283,-610.528748,2763.797607,30.126230,-23.028536,52.371105,1
3.463000,137.874664,-610.538879,2763.807861,30.090248,-23.040710,52.383404,1
3.475000,137.821976,-610.542847,2763.841797,30.107170,-23.100809,52.389015,1
3.488000,137.782135,-610.545837,2763.827881,30.041330,-23.081848,52.411785,1
3.500000,137.756454,-610.536499,2763.818848,30.130157,-22.963932,52.373028,1
3.525000,0,0,0,0,0,0,0
3.550000,0,0,0,0,0,0,0
3.563000,0,0,0,0,0,0,0
3.588000,0,0,0,0,0,0,0
3.613000,0,0,0,0,0,0,0
3.625000,0,0,0,0,0,0,0
3.650000,0,0,0,0,0,0,0
3.675000,0,0,0,0,0,0,0
3.700000,0,0,0,0,0,0,0
3.725000,0,0,0,0,0,0,0
3.750000,0,0,0,0,0,0,0
3.763000,0,0,0,0,0,0,0
3.788000,0,0,0,0,0,0,0
3.813000,0,0,0,0,0,0,0
3.825000,0,0,0,0,0,0,0
3.850000,0,0,0,0,0,0,0
3.863000,0,0,0,0,0,0,0
3.875000,0,0,0,0,0,0,0
3.888000,0,0,0,0,0,0,0
3.900000,0,0,0,0,0,0,0
3.913000,0,0,0,0,0,0,0
3.925000,0,0,0,0,0,0,0
3.938000,0,0,0,0,0,0,0
3.950000,0,0,0,0,0,0,0
3.963000,0,0,0,0,0,0,0
3.975000,0,0,0,0,0,0,0
3.988000,0,0,0,0,0,0,0
4.000000,0,0,0,0,0,0,0
4.013000,0,0,0,0,0,0,0
4.025000,0,0,0,0,0,0,0
4.038000,0,0,0,0,0,0,0
4.050000,0,0,0,0,0,0,0
4.063000,0,0,0,0,0,0,0
4.075000,0,0,0,0,0,0,0
4.100000,137.949219,-610.537048,2763.776855,30.054533,-22.765409,52.351116,1
4.113000,0,0,0,0,0,0,0
4.125000,0,0,0,0,0,0,0
4.138000,0,0,0,0,0,0,0
4.150000,0,0,0,0,0,0,0
4.163000,0,0,0,0,0,0,0
4.175000,0,0,0,0,0,0,0
4.188000,0,0,0,0,0,0,0
4.200000,0,0,0,0,0,0,0
4.213000,137.842041,-610.541138,2763.862061,30.546156,-22.661621,52.180466,1
4.225000,137.883286,-610.509766,2763.895508,30.521780,-22.604908,52.183941,1
4.238000,137.910492,-610.504333,2763.860107,30.391603,-22.682190,52.228497,1
4.250000,137.946854,-610.559631,2763.775635,30.121120,-22.957441,52.377045,1
4.263000,137.946838,-610.558960,2763.763428,30.111258,-23.060129,52.386753,1
4.275000,137.912399,-610.545959,2763.746826,30.098206,-23.046040,52.374557,1
4.288000,137.870651,-610.537659,2763.857422,30.132210,-23.009481,52.372158,1
4.300000,137.840973,-610.518250,2763.892578,30.079664,-23.078899,52.386089,1
4.313000,137.805008,-610.537659,2763.895752,30.041908,-23.044865,52.399254,1
4.325000,137.779129,-610.587769,2763.902100,30.153440,-23.047873,52.379948,1
4.338000,137.775269,-610.587769,2763.879883,30.102427,-23.005484,52.388447,1
4.350000,137.803543,-610.546509,2763.797852,30.062429,-23.112286,52.403152,1
4.363000,137.833984,-610.525940,2763.703857,30.219482,-23.055998,52.365170,1
4.375000,137.855972,-610.514343,2763.805664,30.151310,-22.970289,52.363289,1
4.388000,137.902115,-610.514038,2763.738037,30.161545,-23.056273,52.366207,1
4.400000,137.924545,-610.544128,2763.747559,30.139341,-23.003611,52.381313,1
4.413000,137.940201,-610.543640,2763.762695,30.111347,-23.028578,52.378258,1
4.425000,137.943695,-610.526367,2763.748535,30.114321,-23.019909,52.381542,1
4.438000,137.918518,-610.528625,2763.784668,30.130461,-23.095827,52.384487,1
4.450000,137.885101,-610.546082,2763.838623,30.155142,-22.993078,52.360973,1
4.463000,137.838654,-610.568237,2763.836182,30.122227,-23.040241,52.374718,1
4.475000,137.800369,-610.560303,2763.875732,30.146509,-23.067015,52.376617,1
4.488000,137.775146,-610.533752,2763.830566,30.096249,-23.069391,52.388561,1
4.500000,137.772995,-610.535583,2763.833008,30.048164,-23.071606,52.403423,1
4.513000,137.797653,-610.533081,2763.815430,30.054104,-23.020279,52.379635,1
4.525000,137.819580,-610.554626,2763.837646,30.153072,-22.973400,52.369652,1
4.538000,137.856110,-610.559021,2763.846924,30.035990,-23.066725,52.405754,1
4.550000,137.891418,-610.544678,2763.868164,30.083435,-23.074675,52.387611,1
4.563000,137.918060,-610.536133,2763.821533,30.127634,-23.014328,52.371052,1
4.575000,137.939636,-610.534058,2763.823975,30.141390,-23.080395,52.377308,1
4.588000,137.939270,-610.531067,2763.841797,30.138073,-23.096201,52.386520,1
4.600000,137.919571,-610.530396,2763.821777,30.121695,-23.035315,52.373650,1
4.613000,137.887650,-610.551514,2763.820557,30.099701,-23.144335,52.389828,1
4.625000,137.848389,-610.543579,2763.803955,30.122467,-23.034620,52.379990,1
4.638000,137.811111,-610.518311,2763.814697,30.167337,-23.028076,52.361889,1
4.650000,137.783508,-610.522400,2763.793457,30.127996,-22.957554,52.367809,1
4.663000,137.770325,-610.529785,2763.822998,30.097761,-23.115433,52.397099,1
4.675000,137.788589,-610.526245,2763.781494,30.144207,-22.916872,52.368446,1
4.688000,137.823090,-610.531250,2763.791748,30.183371,-23.003691,52.356857,1
4.700000,137.852600,-610.527588,2763.840332,30.190887,-23.037205,52.361153,1
4.713000,137.901215,-610.539978,2763.889893,30.114868,-23.031761,52.369091,1
4.725000,137.923782,-610.543457,2763.875244,30.120420,-23.053690,52.382492,1
4.738000,137.937119,-610.533081,2763.804199,30.149952,-23.051229,52.380306,1
4.750000,137.933517,-610.548035,2763.789307,30.146898,-23.070042,52.382256,1
4.763000,137.920242,-610.546997,2763.804688,30.141317,-23.047838,52.371407,1
4.775000,137.889664,-610.521729,2763.814209,30.142406,-23.002201,52.366295,1
4.788000,137.848633,-610.512390,2763.804932,30.122856,-23.038538,52.378845,1
4.800000,137.821854,-610.543396,2763.811768,30.102707,-23.097532,52.393269,1
4.813000,137.787811,-610.537598,2763.743164,30.126417,-23.132946,52.393692,1
4.825000,137.769592,-610.538391,2763.684814,30.106314,-23.055243,52.384888,1
4.838000,137.768646,-610.533752,2763.699707,30.155466,-22.994467,52.372559,1
4.850000,137.795517,-610.507507,2763.698730,30.116838,-23.069862,52.388287,1
4.863000,137.825134,-610.517639,2763.695557,30.145681,-23.004005,52.375282,1
4.875000,137.867538,-610.542480,2763.733398,30.173672,-22.984413,52.368507,1
4.888000,137.898071,-610.553162,2763.758545,30.208076,-23.008213,52.357544,1
4.900000,137.926743,-610.562805,2763.826660,30.196667,-22.998053,52.363319,1
4.913000,137.938812,-610.552917,2763.857910,30.157393,-23.014318,52.362724,1
4.925000,137.920074,-610.537048,2763.853271,30.133211,-22.998537,52.377396,1
4.938000,137.893372,-610.544373,2763.852295,30.097328,-23.011091,52.387524,1
4.950000,137.858887,-610.551208,2763.836182,30.112467,-23.000952,52.372452,1
4.963000,137.831909,-610.561401,2763.853516,30.119469,-23.009726,52.385536,1
4.975000,137.808289,-610.560181,2763.856201,30.116558,-23.012444,52.376118,1
4.988000,137.795639,-610.541992,2763.855469,30.128204,-23.047876,52.376148,1
5.000000,137.801819,-610.529663,2763.865967,30.121572,-23.061228,52.377750,1
5.013000,137.822861,-610.545837,2763.861084,30.096741,-23.078348,52.382851,1
5.025000,137.849808,-610.551697,2763.848877,30.125717,-22.970652,52.366127,1
5.038000,137.880707,-610.545105,2763.818848,30.144562,-22.990526,52.368828,1
5.050000,137.908020,-610.551086,2763.837646,30.091635,-22.981859,52.383854,1
5.063000,137.926193,-610.534729,2763.837891,30.135605,-23.141184,52.390862,1
5.075000,137.927963,-610.529419,2763.843994,30.089037,-23.110762,52.393173,1
5.088000,137.922195,-610.539185,2763.854736,30.153292,-22.975567,52.361530,1
5.100000,137.892700,-610.570374,2763.830078,30.146847,-23.077892,52.384628,1
5.113000,137.862366,-610.550476,2763.842529,30.143188,-23.071505,52.374020,1
5.125000,137.831726,-610.526123,2763.820312,30.108793,-23.083841,52.379627,1
5.138000,137.800598,-610.524292,2763.812012,30.084419,-23.098692,52.392857,1
5.150000,137.791397,-610.520325,2763.815430,30.135622,-23.032427,52.382580,1
5.163000,137.791199,-610.548706,2763.800049,30.150589,-22.961464,52.369972,1
5.175000,137.809219,-610.555847,2763.802002,30.111753,-23.012848,52.376858,1
5.188000,137.832672,-610.530945,2763.798584,30.069912,-22.926352,52.377766,1
5.200000,137.869736,-610.532104,2763.827393,30.193392,-22.983328,52.348488,1
5.213000,137.899261,-610.533752,2763.810303,30.149517,-22.984562,52.374321,1
5.225000,137.921188,-610.534241,2763.819824,30.100576,-23.087402,52.383968,1
5.238000,137.931015,-610.543884,2763.794189,30.141199,-23.048990,52.382004,1
5.250000,137.922699,-610.554810,2763.802979,30.110147,-22.934561,52.374012,1
5.263000,137.905014,-610.530273,2763.800781,30.111986,-22.970453,52.368702,1
5.275000,137.874512,-610.515930,2763.803223,30.129539,-23.071455,52.372307,1
5.288000,137.841858,-610.529114,2763.822021,30.087336,-23.092415,52.396023,1
5.300000,137.813156,-610.542236,2763.841797,30.149559,-23.050215,52.368698,1
5.313000,137.801224,-610.550476,2763.811279,30.160776,-23.044825,52.379501,1
5.325000,137.792389,-610.547791,2763.824951,30.122555,-23.004297,52.388065,1
5.338000,137.803741,-610.522949,2763.815186,30.160320,-23.003410,52.360382,1
5.350000,137.834122,-610.519897,2763.820801,30.179136,-23.084715,52.371128,1
5.363000,137.864426,-610.530396,2763.820557,30.150545,-23.040247,52.380962,1
5.375000,137.890671,-610.526428,2763.771973,30.108612,-22.941444,52.371952,1
5.388000,137.913956,-610.544128,2763.810303,30.097857,-23.052204,52.377907,1
5.400000,137.928284,-610.538147,2763.798340,30.159946,-22.996367,52.364899,1
5.413000,137.920959,-610.517883,2763.794189,30.062447,-23.054272,52.398453,1
5.425000,137.896622,-610.518677,2763.798584,30.150394,-23.022943,52.367863,1
5.438000,137.871445,-610.533630,2763.807129,30.125086,-23.073172,52.379467,1
5.450000,137.840759,-610.543701,2763.809570,30.123365,-23.072340,52.377846,1
5.463000,137.817047,-610.545532,2763.813477,30.094982,-23.021818,52.376183,1
5.475000,137.797501,-610.543701,2763.828125,30.168720,-23.005886,52.370983,1
5.488000,137.790558,-610.530334,2763.845459,30.148285,-23.004992,52.370300,1
5.500000,137.805740,-610.532776,2763.819824,30.161251,-23.044594,52.370766,1
5.513000,137.831940,-610.540222,2763.805664,30.101311,-23.074783,52.386780,1
5.525000,137.862305,-610.544373,2763.798096,30.146465,-22.991341,52.359829,1
5.538000,137.886261,-610.540588,2763.790039,30.159254,-22.995888,52.361725,1
5.550000,137.914429,-610.539673,2763.811279,30.181114,-23.001200,52.365459,1
5.563000,137.925705,-610.521362,2763.776611,30.171286,-23.018187,52.367821,1
5.575000,137.921112,-610.532837,2763.799072,30.122225,-23.023077,52.377464,1
5.588000,137.902817,-610.540588,2763.799561,30.129126,-23.041086,52.375484,1
5.600000,137.877441,-610.545654,2763.831055,30.146921,-23.123165,52.382286,1
5.613000,137.849380,-610.542908,2763.819092,30.175398,-23.064390,52.370853,1
5.625000,137.822769,-610.541626,2763.839600,30.134573,-22.964046,52.361561,1
5.638000,137.805908,-610.541443,2763.849365,30.103445,-23.137066,52.392437,1
5.651000,137.800018,-610.545288,2763.846924,30.144579,-23.073313,52.380642,1
5.663000,137.805573,-610.545654,2763.831055,30.129574,-23.065107,52.375854,1
5.676000,137.827774,-610.533875,2763.792480,30.138271,-23.050035,52.376503,1
5.688000,137.853256,-610.526733,2763.783691,30.118088,-23.011477,52.373257,1
5.701000,137.876755,-610.517639,2763.769043,30.082615,-23.063240,52.389942,1
5.713000,137.895493,-610.516174,2763.747803,30.103100,-23.007366,52.380337,1
5.726000,137.908981,-610.528503,2763.752930,30.110708,-23.043541,52.385513,1
5.738000,137.907852,-610.528320,2763.764893,30.077965,-23.115799,52.399258,1
5.751000,137.891052,-610.518250,2763.736572,30.153111,-23.050985,52.376633,1
5.763000,137.864471,-610.513184,2763.735596,30.126848,-22.994076,52.368851,1
5.776000,137.839401,-610.509644,2763.737549,30.130148,-23.005159,52.373688,1
5.788000,137.812744,-610.510803,2763.723145,30.115414,-23.000658,52.376678,1
5.801000,137.795990,-610.519165,2763.722168,30.082869,-23.001011,52.395416,1
5.813000,137.794479,-610.530334,2763.750244,30.102154,-23.005396,52.371670,1
5.826000,137.798874,-610.534668,2763.793701,30.115530,-23.038536,52.378906,1
5.838000,137.821136,-610.533508,2763.782959,30.028257,-23.028215,52.404892,1
5.851000,137.847977,-610.531677,2763.780273,30.113850,-23.117893,52.390423,1
5.863000,137.874130,-610.535706,2763.782959,30.079762,-23.041849,52.396023,1
5.876000,137.903656,-610.540649,2763.791504,30.120468,-23.064714,52.382149,1
5.888000,137.918747,-610.543213,2763.811523,30.154978,-23.091917,52.381210,1
5.901000,137.913971,-610.533630,2763.794922,30.138271,-23.037169,52.379353,1
5.913000,137.904022,-610.527405,2763.790283,30.160286,-22.968809,52.359386,1
5.926000,137.884506,-610.530029,2763.809082,30.112186,-22.995483,52.379795,1
5.938000,137.852432,-610.533875,2763.819580,30.081266,-23.060453,52.392845,1
5.951000,137.836151,-610.542542,2763.823975,30.105316,-23.019409,52.377419,1
5.963000,137.814453,-610.538330,2763.822266,30.128580,-22.998585,52.373409,1
5.976000,137.808319,-610.536926,2763.816895,30.123854,-22.991076,52.373962,1
5.988000,137.814774,-610.541199,2763.843262,30.164719,-23.046886,52.372822,1
6.001000,137.833511,-610.540039,2763.848877,30.121660,-23.084803,52.386543,1
6.013000,137.857025,-610.540405,2763.839600,30.154114,-23.093403,52.387264,1
6.026000,137.881180,-610.543335,2763.823975,30.095436,-23.067669,52.392178,1
6.038000,137.905762,-610.537415,2763.834717,30.141472,-23.160484,52.390072,1
6.051000,137.917282,-610.531921,2763.829590,30.142059,-23.063269,52.378048,1
6.063000,137.919556,-610.533997,2763.840332,30.115612,-23.025612,52.379929,1
6.076000,137.900635,-610.524292,2763.801758,30.177706,-23.074190,52.373032,1
6.088000,137.879089,-610.532288,2763.819580,30.162050,-22.960634,52.353294,1
6.101000,137.852295,-610.523438,2763.801270,30.076635,-23.034954,52.386181,1
6.113000,137.825165,-610.524719,2763.795166,30.094788,-23.057646,52.386330,1
6.126000,137.807663,-610.520203,2763.781250,30.164288,-22.985905,52.367008,1
6.138000,137.804413,-610.522278,2763.779297,30.155104,-23.025923,52.376125,1
6.151000,137.804276,-610.521118,2763.771973,30.160662,-23.018698,52.362640,1
6.163000,137.829453,-610.529297,2763.757080,30.152420,-23.052559,52.371780,1
6.176000,137.850174,-610.517517,2763.731934,30.152758,-23.005766,52.370808,1
6.188000,137.877884,-610.520569,2763.745117,30.113348,-23.048223,52.381401,1
6.201000,137.897430,-610.524048,2763.749268,30.096348,-22.989851,52.383972,1
6.213000,137.913040,-610.519348,2763.768799,30.181490,-23.032549,52.360939,1
6.226000,137.904709,-610.538391,2763.817383,30.120947,-22.986488,52.378555,1
6.238000,137.891006,-610.543213,2763.826660,30.160828,-23.049353,52.365509,1
6.251000,137.870758,-610.542908,2763.839111,30.109947,-23.011433,52.376282,1
6.263000,137.843094,-610.540100,2763.843506,30.156019,-23.016836,52.362286,1
6.276000,137.818390,-610.529846,2763.816650,30.117867,-23.000837,52.364834,1
6.288000,137.800201,-610.519226,2763.795166,30.129238,-23.133263,52.384808,1
6.301000,137.792648,-610.521423,2763.777344,30.167484,-23.056261,52.370068,1
6.313000,137.794662,-610.531372,2763.806641,30.152977,-23.032091,52.373219,1
6.326000,137.807724,-610.531250,2763.810303,30.139244,-23.104214,52.380501,1
6.338000,137.829453,-610.519043,2763.790039,30.115473,-23.101065,52.393673,1
6.351000,137.862137,-610.522339,2763.813965,30.150999,-23.018370,52.366104,1
6.363000,137.882156,-610.517395,2763.787109,30.141338,-23.011580,52.377892,1
6.376000,137.901886,-610.527527,2763.792480,30.138367,-23.032904,52.373310,1
6.388000,137.905106,-610.527954,2763.784424,30.166706,-23.115635,52.381123,1
6.401000,137.898529,-610.534546,2763.780029,30.143663,-23.048231,52.377541,1
6.413000,137.877579,-610.529236,2763.785156,30.117439,-23.049879,52.385986,1
6.426000,137.849045,-610.530518,2763.782227,30.136042,-23.071598,52.372753,1
6.438000,137.827225,-610.530823,2763.785889,30.103577,-23.020041,52.373459,1
6.451000,137.803543,-610.535034,2763.792725,30.172302,-22.999878,52.363323,1
6.463000,137.795319,-610.541138,2763.796875,30.186428,-22.965574,52.350178,1
6.476000,137.795227,-610.528931,2763.786133,30.155371,-23.018133,52.364197,1
6.488000,137.810669,-610.527161,2763.799561,30.122087,-22.991991,52.375263,1
6.501000,137.827133,-610.526672,2763.780273,30.097700,-23.090458,52.387806,1
6.513000,137.853439,-610.523376,2763.765869,30.149822,-23.069588,52.377533,1
6.526000,137.881119,-610.533020,2763.789307,30.161860,-23.024216,52.363667,1
6.538000,137.897293,-610.532837,2763.781006,30.067303,-23.109543,52.404530,1
6.551000,137.908356,-610.527832,2763.780762,30.143927,-23.073505,52.373859,1
6.563000,137.901520,-610.526794,2763.782715,30.115507,-23.062414,52.380066,1
6.576000,137.888260,-610.527771,2763.791504,30.118818,-23.056387,52.383423,1
6.588000,137.862518,-610.527222,2763.787354,30.119513,-22.946180,52.363094,1
6.601000,137.839890,-610.529907,2763.790039,30.111559,-22.963688,52.375874,1
6.613000,137.828964,-610.533813,2763.815186,30.098915,-22.997009,52.378448,1
6.626000,137.813614,-610.527466,2763.797607,30.109072,-23.020712,52.378548,1
6.638000,137.810532,-610.524963,2763.788818,30.105520,-22.977863,52.363846,1
6.651000,137.819778,-610.527222,2763.812500,30.160826,-22.950888,52.356461,1
6.663000,137.841415,-610.530396,2763.809082,30.120295,-23.032789,52.376259,1
6.676000,137.865585,-610.533936,2763.814209,30.157665,-22.947910,52.355125,1
6.688000,137.884018,-610.538330,2763.815674,30.167164,-23.060633,52.369705,1
6.701000,137.900635,-610.543274,2763.814697,30.130997,-22.979862,52.372032,1
6.713000,137.908371,-610.544556,2763.858887,30.132702,-23.078913,52.378941,1
6.726000,137.902542,-610.536438,2763.838135,30.078588,-23.015728,52.380676,1
6.738000,137.893265,-610.541016,2763.817627,30.116774,-23.093443,52.384430,1
6.751000,137.864868,-610.538757,2763.821533,30.166914,-23.048449,52.373417,1
6.763000,137.846207,-610.531494,2763.809082,30.155098,-23.020233,52.367619,1
6.776000,137.824158,-610.530884,2763.820801,30.094524,-23.001648,52.383415,1
6.788000,137.808105,-610.530518,2763.806885,30.092623,-23.106394,52.393272,1
6.801000,137.810242,-610.526367,2763.817139,30.170572,-23.023241,52.372288,1
6.813000,137.818176,-610.534363,2763.813232,30.106699,-23.043537,52.391922,1
6.826000,137.838516,-610.525818,2763.793457,30.153318,-23.044018,52.372383,1
6.838000,137.860855,-610.534851,2763.804443,30.096096,-23.013411,52.383984,1
6.851000,137.881058,-610.529175,2763.804443,30.120705,-23.053293,52.381107,1
6.863000,137.901367,-610.525574,2763.797363,30.115343,-23.003178,52.380203,1
6.876000,137.905441,-610.518860,2763.776123,30.134235,-22.994663,52.375217,1
6.888000,137.903915,-610.527039,2763.773682,30.137381,-23.142576,52.385880,1
6.901000,137.891937,-610.528259,2763.779297,30.111547,-23.081673,52.384678,1
6.913000,137.867691,-610.529297,2763.790771,30.121941,-23.093838,52.390972,1
6.926000,137.844498,-610.533325,2763.795166,30.114683,-23.056416,52.387318,1
6.938000,137.826187,-610.530579,2763.790527,30.105005,-23.041370,52.381603,1
6.951000,137.812424,-610.529663,2763.794434,30.117987,-23.011993,52.387547,1
6.963000,137.806686,-610.541382,2763.799805,30.167721,-23.065243,52.373405,1
6.976000,137.821320,-610.546509,2763.813232,30.179213,-22.991817,52.359802,1
6.988000,137.836929,-610.547363,2763.815674,30.071882,-23.058578,52.393845,1
7.001000,137.859772,-610.541382,2763.811768,30.154343,-23.034372,52.370029,1
7.013000,137.885162,-610.546143,2763.836182,30.148579,-22.994097,52.370651,1
7.026000,137.904175,-610.542725,2763.804199,30.154860,-23.077040,52.374184,1
7.038000,137.911575,-610.539978,2763.792480,30.172894,-22.960735,52.363506,1
7.051000,137.909332,-610.543274,2763.790039,30.177282,-22.980310,52.359585,1
7.063000,137.897919,-610.530334,2763.779053,30.155098,-23.003740,52.364616,1
7.076000,137.877441,-610.532471,2763.774414,30.147749,-22.929750,52.352192,1
7.088000,137.856781,-610.525452,2763.774170,30.196611,-22.990501,52.354855,1
7.101000,137.834427,-610.523254,2763.766357,30.150402,-23.024279,52.365776,1
7.113000,137.819885,-610.525757,2763.760010,30.135454,-23.047033,52.375938,1
7.126000,137.807129,-610.537170,2763.772949,30.140808,-22.994362,52.363224,1
7.138000,137.807724,-610.542786,2763.797363,30.153103,-23.005333,52.368832,1
7.151000,137.829529,-610.545959,2763.825439,30.122879,-23.040823,52.381435,1
7.163000,137.849930,-610.540771,2763.801025,30.161695,-23.000742,52.370052,1
7.176000,137.870926,-610.543457,2763.808350,30.101784,-23.080933,52.392586,1
7.188000,137.892151,-610.549744,2763.829590,30.170967,-23.055161,52.369987,1
7.201000,137.900192,-610.543945,2763.817627,30.143339,-23.057421,52.375759,1
7.213000,137.903183,-610.537109,2763.804443,30.109619,-22.987331,52.378433,1
7.226000,137.895309,-610.538391,2763.829346,30.107355,-22.952385,52.373394,1
7.238000,137.878998,-610.540405,2763.843018,30.121029,-23.005299,52.372314,1
7.251000,137.857224,-610.547852,2763.862549,30.067627,-23.016325,52.386158,1
7.263000,137.833466,-610.545349,2763.852295,30.121651,-23.146374,52.388947,1
7.276000,137.817856,-610.545105,2763.839600,30.127817,-23.068436,52.385784,1
7.288000,137.812988,-610.545410,2763.865234,30.094408,-22.967457,52.378159,1
7.301000,137.815018,-610.543396,2763.861816,30.106266,-23.015398,52.378082,1
7.313000,137.824768,-610.546692,2763.850342,30.116644,-22.999283,52.384518,1
7.326000,137.847488,-610.552002,2763.856934,30.164295,-22.998945,52.365162,1
7.338000,137.871262,-610.549011,2763.858398,30.071220,-23.005383,52.385380,1
7.351000,137.892349,-610.550293,2763.872314,30.142889,-23.061321,52.373489,1
7.363000,137.903397,-610.544617,2763.853760,30.158335,-22.963158,52.360886,1
7.376000,137.909042,-610.542664,2763.851074,30.101376,-23.008938,52.380180,1
7.388000,137.902374,-610.547485,2763.854004,30.156597,-23.069527,52.373245,1
7.401000,137.885529,-610.548828,2763.835693,30.182173,-23.025827,52.363033,1
7.413000,137.866501,-610.548340,2763.827637,30.063105,-23.047569,52.396477,1
7.426000,137.847565,-610.550659,2763.874023,30.150446,-23.017239,52.369473,1
7.438000,137.831955,-610.537720,2763.832764,30.145102,-23.037951,52.367371,1
7.451000,137.818588,-610.549438,2763.856934,30.142830,-23.023184,52.374485,1
7.476000,137.839233,-610.547791,2763.843994,30.116972,-22.945751,52.362957,1
7.488000,137.849869,-610.542053,2763.821289,30.128685,-22.964199,52.369873,1
7.501000,137.875229,-610.541321,2763.841553,30.124266,-23.052605,52.375416,1
7.513000,137.893005,-610.540894,2763.855957,30.139927,-23.056797,52.373520,1
7.526000,137.905975,-610.543640,2763.837158,30.120052,-23.121332,52.385727,1
7.538000,137.907486,-610.543152,2763.832520,30.138449,-23.022282,52.373772,1
7.551000,137.901230,-610.546082,2763.832764,30.128235,-22.936039,52.364861,1
7.563000,137.891251,-610.553772,2763.872803,30.197342,-23.064436,52.358887,1
7.576000,137.869125,-610.542542,2763.843018,30.108595,-23.040201,52.375549,1
7.588000,137.850937,-610.535767,2763.834473,30.201571,-23.039810,52.363884,1
7.601000,137.835739,-610.544800,2763.842285,30.144958,-23.002125,52.372482,1
7.613000,137.823517,-610.553040,2763.864014,30.162460,-23.045229,52.372257,1
7.626000,137.826950,-610.551270,2763.867432,30.173061,-22.965944,52.361366,1
7.638000,137.834976,-610.549377,2763.856689,30.124067,-23.025537,52.377235,1
7.651000,137.855972,-610.541199,2763.834473,30.143711,-22.975912,52.367207,1
7.663000,137.878723,-610.543823,2763.826172,30.129511,-23.040447,52.378033,1
7.676000,137.893509,-610.546448,2763.857910,30.138544,-22.990850,52.365280,1
7.688000,137.905334,-610.538940,2763.831787,30.189419,-22.991009,52.363823,1
7.701000,137.903824,-610.541016,2763.813965,30.118929,-22.978546,52.376102,1
7.713000,137.899063,-610.537964,2763.829102,30.130011,-23.011879,52.377205,1
7.726000,137.884201,-610.538757,2763.835449,30.134897,-23.027340,52.385811,1
7.738000,137.866257,-610.542480,2763.837646,30.178297,-22.973598,52.364365,1
7.751000,137.852280,-610.545288,2763.847656,30.157837,-23.017441,52.368729,1
7.763000,137.833969,-610.548523,2763.853516,30.133869,-23.097895,52.379681,1
7.776000,137.825317,-610.541626,2763.843262,30.078083,-23.035954,52.390480,1
7.788000,137.827789,-610.539856,2763.841064,30.125858,-23.041510,52.367462,1
7.801000,137.828430,-610.543579,2763.852051,30.114639,-23.072372,52.376919,1
7.813000,0,0,0,0,0,0,0
7.826000,137.861176,-610.538635,2763.815918,30.174591,-22.982904,52.356911,1
7.838000,137.885712,-610.539795,2763.813965,30.119444,-23.093735,52.378769,1
7.851000,0,0,0,0,0,0,0
7.863000,137.872162,-610.525635,2763.892578,30.404106,-22.692049,52.218147,1
7.876000,137.872681,-610.527283,2763.893066,30.379896,-22.770832,52.234985,1
7.888000,137.851273,-610.528870,2763.883545,30.393301,-22.674398,52.235176,1
7.901000,0,0,0,0,0,0,0
7.913000,0,0,0,0,0,0,0
7.926000,0,0,0,0,0,0,0
7.938000,0,0,0,0,0,0,0
7.951000,137.795334,-610.526794,2763.943604,30.465673,-22.737642,52.209190,1
7.963000,137.813950,-610.528259,2763.903564,30.431297,-22.794914,52.228359,1
7.976000,137.822342,-610.527588,2763.907715,30.413517,-22.754862,52.232090,1
7.988000,137.842712,-610.520325,2763.882812,30.390680,-22.742830,52.232601,1
8.001000,137.887466,-610.536377,2763.815918,30.156628,-23.031916,52.370567,1
8.013000,137.897614,-610.526367,2763.789062,30.125820,-23.004539,52.369129,1
8.026000,137.904099,-610.534668,2763.797852,30.114614,-23.034065,52.381268,1
8.038000,137.900055,-610.535217,2763.806641,30.132753,-23.040920,52.389713,1
8.051000,137.892258,-610.540649,2763.804688,30.046818,-23.111559,52.408367,1
8.063000,137.875351,-610.533752,2763.797119,30.123272,-22.950027,52.373852,1
8.076000,137.852386,-610.535583,2763.819824,30.125011,-23.064907,52.377232,1
8.088000,137.837540,-610.539978,2763.823242,30.148367,-22.950535,52.359779,1
8.101000,137.825760,-610.543945,2763.850342,30.178553,-22.985559,52.354153,1
8.113000,137.824203,-610.548096,2763.849365,30.119846,-23.072201,52.383995,1
8.126000,137.834396,-610.554626,2763.849854,30.108082,-23.009590,52.379299,1
8.138000,137.847610,-610.549072,2763.858887,30.185944,-23.039518,52.362595,1
8.151000,137.860580,-610.542969,2763.841309,30.141283,-23.053455,52.374302,1
8.163000,137.884949,-610.549011,2763.852295,30.140860,-23.038198,52.375343,1
8.176000,137.897095,-610.549683,2763.827881,30.141947,-22.958050,52.369328,1
8.188000,137.904190,-610.556274,2763.844971,30.159380,-22.998369,52.365871,1
8.201000,137.903061,-610.547668,2763.831299,30.160597,-23.060755,52.375214,1
8.213000,137.891876,-610.544250,2763.827881,30.095091,-22.997501,52.385475,1
8.226000,137.872131,-610.543213,2763.833984,30.158329,-23.063801,52.373165,1
8.238000,137.854141,-610.545349,2763.839355,30.202452,-23.040781,52.359550,1
8.251000,137.838821,-610.543823,2763.833008,30.120516,-23.061701,52.386913,1
8.263000,137.825317,-610.541504,2763.839844,30.196180,-23.007864,52.354446,1
8.276000,137.820221,-610.545166,2763.840088,30.082998,-23.004305,52.386406,1
8.289000,137.830978,-610.545471,2763.853760,30.166941,-22.929377,52.357685,1
8.301000,137.843536,-610.540039,2763.825928,30.080345,-23.104288,52.388195,1
8.314000,137.857666,-610.543701,2763.824707,30.142000,-23.018589,52.366192,1
8.326000,137.878510,-610.540527,2763.822754,30.116846,-23.082283,52.380779,1
8.339000,137.891602,-610.533752,2763.817871,30.112150,-23.088942,52.380505,1
8.351000,137.901520,-610.533875,2763.804688,30.182354,-23.051653,52.369637,1
8.364000,137.898346,-610.534241,2763.800537,30.139347,-22.940460,52.355583,1
8.376000,137.890839,-610.542603,2763.827148,30.168652,-23.106937,52.377705,1
8.389000,137.873154,-610.543701,2763.822754,30.152708,-23.014797,52.371407,1
8.401000,137.856812,-610.541931,2763.829346,30.084555,-23.045433,52.390179,1
8.414000,137.837753,-610.536682,2763.820801,30.092939,-23.059328,52.393433,1
8.426000,137.829895,-610.548340,2763.851074,30.132248,-22.977510,52.377445,1
8.439000,137.820084,-610.543457,2763.823486,30.100725,-23.049608,52.383144,1
8.451000,137.823364,-610.539062,2763.819092,30.077496,-22.979805,52.374695,1
8.464000,137.835739,-610.541016,2763.810059,30.135342,-23.027296,52.376186,1
8.476000,137.853989,-610.545837,2763.821045,30.110800,-23.027765,52.376926,1
8.489000,137.876328,-610.546814,2763.829590,30.169062,-22.951963,52.354115,1
8.501000,137.888092,-610.539185,2763.819336,30.108448,-23.072546,52.389091,1
8.514000,137.895538,-610.547485,2763.826172,30.122545,-23.073311,52.382248,1
8.526000,137.898285,-610.543518,2763.818604,30.125584,-23.076380,52.376541,1
8.539000,137.888275,-610.545044,2763.804199,30.149271,-22.968952,52.362736,1
8.551000,137.870178,-610.539185,2763.805908,30.121008,-23.022963,52.376350,1
8.564000,137.856430,-610.547607,2763.829346,30.136486,-23.019659,52.376785,1
8.576000,137.838272,-610.541382,2763.818115,30.119720,-22.998281,52.371105,1
8.589000,137.828812,-610.543762,2763.825439,30.065151,-23.014959,52.383961,1
8.601000,137.820511,-610.542236,2763.819824,30.142086,-23.021067,52.374134,1
8.614000,137.827835,-610.548035,2763.829590,30.157488,-23.042246,52.371429,1
8.626000,137.842087,-610.550232,2763.845215,30.113409,-23.121119,52.398170,1
8.639000,137.855972,-610.536316,2763.820801,30.106419,-22.969080,52.380993,1
8.651000,137.869934,-610.542542,2763.825928,30.101299,-23.066126,52.396198,1
8.664000,137.884766,-610.542603,2763.823730,30.148882,-23.061157,52.374146,1
8.676000,137.899841,-610.534851,2763.809814,30.147888,-23.044170,52.379490,1
8.689000,137.901001,-610.536255,2763.820801,30.143581,-22.993816,52.364342,1
8.701000,137.895752,-610.538269,2763.826416,30.073654,-23.048008,52.394421,1
8.714000,137.880325,-610.534363,2763.815918,30.077408,-23.039951,52.385845,1
8.726000,137.859329,-610.538330,2763.818848,30.108566,-22.992949,52.375488,1
8.739000,137.847946,-610.536438,2763.823242,30.125372,-22.996292,52.369286,1
8.751000,137.834229,-610.540894,2763.823242,30.106890,-23.013006,52.378555,1
8.764000,137.828354,-610.541687,2763.843018,30.131794,-23.019976,52.371227,1
8.776000,137.832520,-610.531311,2763.798584,30.113352,-23.055958,52.383373,1
8.789000,137.838943,-610.539246,2763.819336,30.146105,-23.074804,52.379108,1
8.801000,137.850403,-610.534668,2763.814697,30.211170,-22.924648,52.352726,1
8.814000,137.875397,-610.537903,2763.823486,30.158140,-23.040190,52.374321,1
8.826000,137.889587,-610.533020,2763.805420,30.151573,-23.038137,52.368240,1
8.839000,137.899139,-610.535095,2763.814209,30.130522,-23.049585,52.381546,1
8.851000,137.902313,-610.533264,2763.808838,30.127436,-23.078833,52.368740,1
8.864000,137.893784,-610.534424,2763.807861,30.112217,-23.127569,52.386944,1
8.876000,137.881363,-610.538757,2763.838867,30.157413,-23.027502,52.376629,1
8.889000,137.866318,-610.533203,2763.812012,30.173054,-23.022289,52.363277,1
8.901000,137.850815,-610.539307,2763.821045,30.158089,-23.036478,52.367245,1
8.914000,137.835587,-610.535400,2763.825195,30.085655,-23.023453,52.386028,1
8.926000,137.829987,-610.538208,2763.831543,30.104586,-22.991251,52.376202,1
8.939000,137.835144,-610.534729,2763.820312,30.115149,-22.984886,52.370754,1
8.951000,137.839157,-610.529541,2763.816406,30.132067,-23.000813,52.378475,1
8.964000,137.856766,-610.530029,2763.788330,30.148039,-23.046453,52.377777,1
8.976000,137.876068,-610.534790,2763.816162,30.131926,-23.016584,52.366116,1
8.989000,137.887512,-610.539551,2763.812500,30.071520,-23.069693,52.388180,1
9.001000,137.894760,-610.529114,2763.781006,30.173796,-23.012720,52.363220,1
9.014000,137.900467,-610.523804,2763.778320,30.068647,-22.999411,52.387875,1
9.026000,137.895096,-610.526855,2763.774658,30.138021,-23.024645,52.367386,1
9.039000,137.878891,-610.531738,2763.789307,30.153881,-23.043709,52.364357,1
9.051000,137.860275,-610.529724,2763.787842,30.111546,-23.006344,52.381321,1
9.064000,137.843704,-610.533020,2763.779785,30.104643,-22.970247,52.373753,1
9.076000,137.834564,-610.534851,2763.791748,30.069912,-23.003477,52.387299,1
9.089000,137.824921,-610.525574,2763.768311,30.157564,-23.008591,52.367847,1
9.101000,137.826477,-610.532410,2763.775635,30.133818,-22.929123,52.366478,1
9.114000,137.833633,-610.538513,2763.804443,30.154398,-23.060883,52.370705,1
9.126000,137.846573,-610.542480,2763.804688,30.055510,-23.019220,52.385773,1
9.139000,137.860962,-610.540161,2763.783447,30.103365,-23.037411,52.378002,1
9.151000,137.874924,-610.541382,2763.797852,30.125557,-23.103535,52.392155,1
9.164000,137.885284,-610.530518,2763.738281,30.087509,-23.131987,52.396732,1
9.176000,137.892853,-610.543274,2763.778076,30.145617,-23.079073,52.376514,1
9.189000,137.890121,-610.544922,2763.789307,30.136980,-22.959902,52.360905,1
9.201000,137.878311,-610.546997,2763.811279,30.114479,-23.115021,52.397179,1
9.214000,137.861816,-610.545959,2763.811279,30.165272,-22.967873,52.358101,1
9.226000,137.842041,-610.544800,2763.796387,30.087301,-23.000528,52.382027,1
9.239000,137.827881,-610.542542,2763.803711,30.088223,-23.057489,52.384274,1
9.251000,137.826508,-610.546692,2763.823975,30.125648,-23.008377,52.373211,1
9.264000,137.822433,-610.546997,2763.802490,30.139788,-23.025406,52.368938,1
9.276000,137.833649,-610.543945,2763.785400,30.123936,-23.055714,52.391106,1
9.289000,137.845718,-610.553223,2763.835449,30.186428,-22.999493,52.353741,1
9.301000,137.858887,-610.543030,2763.791992,30.121691,-23.064280,52.375633,1
9.314000,137.875381,-610.546082,2763.812012,30.095911,-23.018867,52.382614,1
9.326000,137.890732,-610.548096,2763.820068,30.129156,-23.021317,52.377228,1
9.339000,137.894791,-610.553345,2763.819580,30.159285,-23.052124,52.369061,1
9.351000,137.890808,-610.550293,2763.812500,30.089872,-22.963871,52.381264,1
9.364000,137.883453,-610.551697,2763.833252,30.148401,-23.117678,52.385601,1
9.376000,137.870499,-610.545959,2763.831055,30.115913,-23.014839,52.373936,1
9.389000,137.848816,-610.548523,2763.830811,30.148012,-23.086363,52.381500,1
9.401000,137.834351,-610.546326,2763.822754,30.144394,-23.066399,52.371674,1
9.414000,137.827240,-610.552368,2763.847656,30.149046,-23.041506,52.377014,1
9.426000,137.827545,-610.552002,2763.839844,30.104574,-22.996737,52.377754,1
9.439000,137.829559,-610.542175,2763.833984,30.127293,-23.059862,52.381458,1
9.451000,137.845505,-610.547180,2763.837402,30.090460,-22.984886,52.385979,1
9.464000,137.860153,-610.546997,2763.838135,30.080030,-23.099487,52.397129,1
9.476000,137.878006,-610.543823,2763.829346,30.183662,-22.995785,52.366478,1
9.489000,137.886612,-610.544434,2763.814209,30.135160,-23.075668,52.380985,1
9.501000,137.894287,-610.546204,2763.820068,30.186874,-23.053509,52.363823,1
9.514000,137.890076,-610.540771,2763.814941,30.185717,-23.032984,52.361084,1
9.526000,137.884216,-610.538513,2763.793457,30.129393,-23.051023,52.378624,1
9.539000,137.872650,-610.538452,2763.802979,30.175547,-22.980732,52.361504,1
9.551000,137.855865,-610.540100,2763.788086,30.104513,-23.105000,52.387321,1
9.564000,137.846436,-610.543945,2763.796387,30.194323,-23.055628,52.362614,1
9.576000,137.837158,-610.538879,2763.768555,30.113327,-23.020403,52.376087,1
9.589000,137.833328,-610.535278,2763.791992,30.134970,-23.049816,52.381531,1
9.601000,137.838135,-610.536560,2763.802734,30.189220,-22.913269,52.345406,1
9.614000,137.846771,-610.535522,2763.789062,30.094971,-23.021723,52.376728,1
9.626000,137.860275,-610.539124,2763.785156,30.102095,-23.095699,52.391014,1
9.639000,137.875977,-610.534485,2763.785889,30.163174,-22.977526,52.361156,1
9.651000,137.886368,-610.531860,2763.768311,30.141199,-23.005238,52.373116,1
9.664000,137.894272,-610.528625,2763.763184,30.125536,-23.052973,52.381809,1
9.676000,137.895584,-610.528259,2763.780762,30.158817,-23.034885,52.361675,1
9.689000,137.884521,-610.528625,2763.780029,30.194849,-23.046270,52.362209,1
9.701000,137.867279,-610.533630,2763.797363,30.107183,-23.049801,52.385258,1
9.714000,137.859222,-610.536865,2763.795898,30.127600,-23.010914,52.369713,1
9.726000,137.843887,-610.537354,2763.815186,30.129625,-23.007288,52.383858,1
9.739000,137.829697,-610.541870,2763.823730,30.140993,-23.031410,52.373180,1
9.751000,137.829605,-610.534668,2763.812256,30.177896,-22.986166,52.362907,1
9.764000,137.833527,-610.539246,2763.810791,30.132875,-22.991463,52.381153,1
9.776000,137.841019,-610.540222,2763.811523,30.184511,-22.960718,52.355701,1
9.789000,137.855865,-610.537231,2763.820557,30.101580,-23.040400,52.376011,1
9.801000,137.869354,-610.537231,2763.808350,30.084204,-23.094126,52.390556,1
9.814000,137.881439,-610.531311,2763.786377,30.123898,-23.041553,52.386047,1
9.826000,137.889023,-610.540039,2763.803467,30.087193,-23.017780,52.375629,1
9.839000,137.893707,-610.539062,2763.823486,30.114298,-23.022596,52.371910,1
9.851000,137.884644,-610.539734,2763.789307,30.128361,-23.040232,52.372932,1
9.864000,137.872986,-610.539368,2763.818115,30.066954,-23.040640,52.388416,1
9.876000,137.854889,-610.543945,2763.808838,30.175161,-23.099154,52.366169,1
9.889000,137.838654,-610.544495,2763.802734,30.164455,-23.063871,52.368378,1
9.901000,137.827942,-610.541748,2763.803467,30.064857,-23.072163,52.394245,1
9.914000,137.826981,-610.540344,2763.822998,30.137230,-23.047819,52.376087,1
9.926000,137.827454,-610.540039,2763.810303,30.084883,-23.015732,52.389015,1
9.939000,137.834503,-610.536072,2763.794434,30.124475,-23.036306,52.376171,1
9.951000,137.852219,-610.538147,2763.805664,30.101027,-23.014803,52.382721,1
9.964000,137.866394,-610.542358,2763.802734,30.149336,-23.079325,52.380535,1
9.976000,137.876404,-610.530273,2763.774658,30.060961,-23.065302,52.388588,1
9.989000,137.888351,-610.529175,2763.796143,30.022848,-23.143106,52.414536,1
10.001000,137.891083,-610.530884,2763.792480,30.119020,-22.935549,52.367363,1
10.014000,137.884811,-610.536011,2763.828369,30.163065,-23.098030,52.373116,1
10.026000,137.874725,-610.531677,2763.784912,30.117599,-23.084032,52.383583,1
10.039000,137.859497,-610.526855,2763.781006,30.054417,-23.035177,52.387070,1
10.051000,137.846008,-610.532776,2763.800049,30.099550,-23.036631,52.384335,1
10.064000,137.835007,-610.530273,2763.790771,30.125059,-23.084438,52.388264,1
10.076000,137.825638,-610.532593,2763.790527,30.079948,-23.083115,52.391098,1
10.089000,137.828217,-610.526062,2763.774170,30.070404,-23.035046,52.387600,1
10.101000,137.839691,-610.532410,2763.803955,30.142111,-23.025942,52.370766,1
10.114000,137.852631,-610.537476,2763.813477,30.093700,-23.063387,52.391972,1
10.126000,137.869370,-610.532654,2763.802246,30.128416,-22.966118,52.371883,1
10.139000,137.883453,-610.542969,2763.836182,30.123970,-23.019228,52.375809,1
10.151000,137.894211,-610.538452,2763.808105,30.105736,-23.118637,52.389351,1
10.164000,137.898666,-610.538208,2763.835938,30.098106,-23.007648,52.383690,1
10.176000,137.895004,-610.538696,2763.832764,30.139416,-22.945496,52.355869,1
10.189000,137.882294,-610.551392,2763.839111,30.145245,-23.051144,52.373569,1
10.201000,137.867508,-610.556763,2763.847656,30.109083,-23.041630,52.388985,1
10.214000,137.852707,-610.549683,2763.828613,30.155542,-23.060934,52.372482,1
10.226000,137.840332,-610.551331,2763.821045,30.175039,-22.952015,52.359703,1
10.239000,137.838821,-610.543762,2763.814941,30.164770,-22.943233,52.348751,1
10.251000,137.832642,-610.550842,2763.825684,30.128159,-23.026999,52.379738,1
10.264000,137.840424,-610.560059,2763.837402,30.125519,-22.961317,52.366573,1
10.276000,137.854172,-610.561340,2763.836670,30.144627,-22.998245,52.367214,1
10.289000,137.867905,-610.554993,2763.816406,30.150688,-23.150852,52.385586,1
10.301000,137.880951,-610.553284,2763.812500,30.109428,-23.072233,52.378807,1
10.314000,137.887146,-610.547913,2763.802734,30.122986,-23.030825,52.371925,1
10.326000,137.890350,-610.554993,2763.822266,30.103676,-23.040356,52.383247,1
10.339000,137.884308,-610.548340,2763.799561,30.131937,-23.026867,52.372013,1
10.351000,137.874344,-610.545776,2763.800293,30.151110,-23.003283,52.373829,1
10.364000,137.863235,-610.546326,2763.805908,30.044497,-23.057018,52.397850,1
10.376000,137.847488,-610.544189,2763.809570,30.057573,-23.031965,52.402771,1
10.389000,137.837952,-610.541016,2763.806885,30.128412,-23.086287,52.381924,1
10.401000,137.832367,-610.544189,2763.794434,30.091776,-23.019936,52.381138,1
10.414000,137.831604,-610.544250,2763.813477,30.141823,-23.029942,52.375435,1
10.426000,137.836166,-610.547058,2763.794678,30.160597,-23.071018,52.375740,1
10.439000,137.847458,-610.544983,2763.761719,30.147148,-23.035910,52.375366,1
10.451000,137.862488,-610.535583,2763.763428,30.094515,-23.018457,52.377071,1
10.464000,137.874039,-610.540039,2763.789307,30.143028,-23.061583,52.383469,1
10.476000,137.882141,-610.546387,2763.786377,30.104387,-23.047115,52.385456,1
10.489000,137.885849,-610.546204,2763.782227,30.087879,-23.024830,52.382805,1
10.501000,137.885712,-610.545349,2763.774902,30.063215,-22.966183,52.375542,1
10.514000,137.872955,-610.551270,2763.797607,30.131449,-23.055517,52.375786,1
10.526000,137.864929,-610.539429,2763.777588,30.129627,-23.073505,52.374176,1
10.539000,137.847244,-610.540649,2763.792725,30.124184,-23.039242,52.378693,1
10.551000,137.831741,-610.550110,2763.784912,30.075365,-22.987970,52.378750,1
10.564000,137.832031,-610.542236,2763.769043,30.083235,-23.008415,52.390678,1
10.576000,137.829178,-610.552124,2763.809814,30.089302,-23.028564,52.381668,1
10.589000,137.835495,-610.551331,2763.801758,30.128826,-23.014988,52.370415,1
10.601000,137.848114,-610.545044,2763.820557,30.119219,-23.076044,52.383869,1
10.614000,137.860565,-610.548828,2763.827881,30.137598,-23.036114,52.390835,1
10.626000,137.872223,-610.553345,2763.817383,30.087000,-23.041449,52.385948,1
10.639000,137.882233,-610.544800,2763.810547,30.184622,-23.030491,52.367397,1
10.651000,137.884216,-610.546875,2763.820557,30.111162,-23.055861,52.393250,1
10.664000,137.884323,-610.541870,2763.809326,30.103424,-23.120712,52.385883,1
10.676000,137.874725,-610.535645,2763.808838,30.163031,-23.004585,52.360527,1
10.689000,137.861481,-610.540161,2763.812256,30.137238,-23.051794,52.374763,1
10.701000,137.849319,-610.551208,2763.836182,30.137114,-22.947191,52.366646,1
10.714000,137.840607,-610.542725,2763.809570,30.094839,-23.028173,52.382565,1
10.726000,137.833801,-610.539551,2763.823242,30.134180,-22.999716,52.366222,1
10.739000,137.831421,-610.535339,2763.816650,30.106237,-23.006416,52.377121,1
10.751000,137.835556,-610.535095,2763.838867,30.155642,-23.165258,52.386108,1
10.764000,137.849167,-610.538574,2763.818359,30.148726,-23.018967,52.375477,1
10.776000,137.856308,-610.548706,2763.790039,30.185690,-22.943422,52.352913,1
10.789000,137.871353,-610.549988,2763.834717,30.103071,-23.019634,52.378761,1
10.801000,137.877899,-610.527832,2763.805176,30.121899,-23.074423,52.377659,1
10.814000,137.880585,-610.532654,2763.797363,30.112478,-23.034111,52.380817,1
10.826000,137.880478,-610.527527,2763.783447,30.133278,-22.977654,52.368076,1
10.839000,137.873154,-610.526978,2763.804443,30.121838,-23.001396,52.373142,1
10.851000,137.866043,-610.559143,2763.819580,30.129700,-23.131876,52.391930,1
10.864000,137.853241,-610.550659,2763.803223,30.134983,-23.051527,52.381096,1
10.876000,137.844009,-610.531494,2763.820801,30.143139,-23.034729,52.380241,1
10.889000,137.832184,-610.542480,2763.811035,30.130154,-23.076599,52.384853,1
10.901000,137.826126,-610.538940,2763.815674,30.141705,-22.992704,52.370911,1
10.914000,137.829224,-610.535645,2763.802734,30.130089,-23.016802,52.376396,1
10.926000,137.840958,-610.560303,2763.813477,30.177370,-23.046610,52.369633,1
10.939000,137.851532,-610.540649,2763.813477,30.145737,-22.993359,52.374046,1
10.951000,137.857147,-610.528564,2763.811279,30.164114,-23.012333,52.370377,1
10.964000,137.865219,-610.526550,2763.765381,30.046679,-23.166193,52.411110,1
10.976000,0,0,0,0,0,0,0
10.989000,0,0,0,0,0,0,0
11.001000,0,0,0,0,0,0,0
11.014000,0,0,0,0,0,0,0
11.026000,0,0,0,0,0,0,0
11.039000,0,0,0,0,0,0,0
11.052000,0,0,0,0,0,0,0
11.064000,0,0,0,0,0,0,0
11.077000,0,0,0,0,0,0,0
11.089000,0,0,0,0,0,0,0
11.102000,0,0,0,0,0,0,0
11.114000,0,0,0,0,0,0,0
11.127000,0,0,0,0,0,0,0
11.139000,0,0,0,0,0,0,0
11.152000,0,0,0,0,0,0,0
11.164000,0,0,0,0,0,0,0
11.189000,0,0,0,0,0,0,0
11.202000,137.845078,-610.571167,2763.837646,30.034582,-22.801903,52.359520,1
11.214000,0,0,0,0,0,0,0
11.227000,0,0,0,0,0,0,0
11.239000,0,0,0,0,0,0,0
11.252000,0,0,0,0,0,0,0
11.264000,0,0,0,0,0,0,0
11.277000,0,0,0,0,0,0,0
11.289000,0,0,0,0,0,0,0
11.302000,0,0,0,0,0,0,0
11.314000,0,0,0,0,0,0,0
11.327000,0,0,0,0,0,0,0
11.339000,0,0,0,0,0,0,0
11.352000,0,0,0,0,0,0,0
11.364000,0,0,0,0,0,0,0
11.377000,0,0,0,0,0,0,0
11.389000,0,0,0,0,0,0,0
11.402000,0,0,0,0,0,0,0
11.414000,0,0,0,0,0,0,0
11.427000,0,0,0,0,0,0,0
11.439000,0,0,0,0,0,0,0
11.452000,0,0,0,0,0,0,0
11.464000,0,0,0,0,0,0,0
11.489000,0,0,0,0,0,0,0
11.514000,0,0,0,0,0,0,0
11.539000,0,0,0,0,0,0,0
11.564000,0,0,0,0,0,0,0
11.589000,0,0,0,0,0,0,0
11.614000,0,0,0,0,0,0,0
11.639000,0,0,0,0,0,0,0
11.664000,0,0,0,0,0,0,0
11.677000,0,0,0,0,0,0,0
11.702000,0,0,0,0,0,0,0
11.727000,0,0,0,0,0,0,0
11.739000,0,0,0,0,0,0,0
11.752000,0,0,0,0,0,0,0
11.764000,0,0,0,0,0,0,0
11.777000,0,0,0,0,0,0,0
11.789000,0,0,0,0,0,0,0
11.802000,0,0,0,0,0,0,0
11.814000,0,0,0,0,0,0,0
11.827000,0,0,0,0,0,0,0
11.839000,137.804688,-610.542603,2763.959229,30.473320,-22.474581,52.181053,1
11.852000,137.793610,-610.537903,2763.978516,30.511320,-22.540670,52.180363,1
11.864000,137.815552,-610.534607,2763.793457,30.115721,-22.869209,52.349697,1
11.877000,137.813339,-610.534668,2763.801514,30.122450,-22.896770,52.352707,1
11.889000,137.810501,-610.539062,2763.825928,30.039623,-23.006523,52.389404,1
11.902000,137.810883,-610.545288,2763.787109,30.003571,-22.987690,52.396481,1
11.914000,137.824829,-610.531616,2763.825928,30.024208,-23.024893,52.396534,1
11.927000,137.847931,-610.535767,2763.771729,29.987564,-22.954796,52.403275,1
11.939000,137.862732,-610.547180,2763.845703,30.015568,-23.065445,52.413097,1
11.952000,137.853256,-610.547119,2763.818604,30.096910,-23.044491,52.379982,1
11.964000,137.875488,-610.521851,2763.727539,30.103878,-23.035099,52.390850,1
11.977000,137.873108,-610.528503,2763.789795,30.052635,-22.993116,52.392742,1
11.989000,137.871567,-610.525574,2763.794678,30.135658,-22.970692,52.367928,1
12.002000,137.853394,-610.543762,2763.857178,30.111589,-23.057348,52.373951,1
12.014000,137.849808,-610.524536,2763.765869,30.048769,-23.091896,52.402798,1
12.027000,137.848083,-610.526733,2763.760254,30.205521,-23.023008,52.361664,1
12.039000,137.833572,-610.535461,2763.775879,30.183710,-23.008348,52.371510,1
12.052000,137.832153,-610.551208,2763.856201,30.149776,-23.015404,52.370724,1
12.064000,137.841003,-610.536560,2763.804932,30.073030,-22.971962,52.378647,1
12.077000,137.841248,-610.526123,2763.785400,30.128572,-22.955248,52.364769,1
12.089000,137.854584,-610.528992,2763.766602,30.146662,-22.994862,52.368668,1
12.102000,137.860352,-610.543518,2763.808838,30.139730,-23.044922,52.372417,1
12.114000,137.875305,-610.543518,2763.832275,30.186390,-23.067429,52.363750,1
12.127000,137.866165,-610.543701,2763.829102,30.186350,-23.069214,52.362152,1
12.139000,137.869705,-610.536865,2763.819580,30.108713,-23.008245,52.374893,1
12.152000,137.866852,-610.524841,2763.803955,30.161539,-23.037292,52.366138,1
12.164000,137.859070,-610.537048,2763.805176,30.128122,-22.955626,52.368134,1
12.177000,137.854965,-610.546143,2763.819336,30.096149,-23.119925,52.399345,1
12.189000,137.840057,-610.540039,2763.812012,30.155249,-23.062243,52.382599,1
12.202000,137.838318,-610.531860,2763.809814,30.138336,-22.997269,52.372181,1
12.214000,137.831741,-610.538818,2763.858643,30.088839,-23.011099,52.382275,1
12.227000,137.837738,-610.529297,2763.791504,30.124084,-22.939724,52.366375,1
12.239000,137.833542,-610.542786,2763.828125,30.106133,-23.018965,52.372284,1
12.252000,137.842224,-610.541992,2763.862305,30.059336,-23.109484,52.409306,1
12.264000,137.854660,-610.541687,2763.835449,30.175459,-22.988981,52.354862,1
12.277000,137.867783,-610.532837,2763.783936,30.111240,-22.994572,52.372757,1
12.289000,137.874573,-610.542847,2763.849365,30.072590,-22.983286,52.380600,1
12.302000,137.879257,-610.530945,2763.823242,30.055384,-23.049763,52.388035,1
12.314000,137.870544,-610.538391,2763.826172,30.200876,-23.002886,52.355122,1
12.327000,137.864777,-610.540344,2763.852783,30.190321,-23.019739,52.358250,1
12.339000,137.865082,-610.535217,2763.808350,30.170404,-23.053415,52.383121,1
12.352000,137.853012,-610.551453,2763.872070,30.111132,-23.018822,52.377766,1
12.364000,137.851578,-610.554138,2763.917969,30.177753,-23.040833,52.368168,1
12.377000,137.856918,-610.546936,2763.817139,30.093405,-23.088266,52.393200,1
12.389000,137.852875,-610.540039,2763.793457,30.147425,-23.078987,52.379185,1
12.402000,137.864182,-610.511963,2763.724854,30.133654,-23.026752,52.376362,1
12.414000,137.864151,-610.549805,2763.869629,30.138638,-23.015600,52.378925,1
12.427000,137.869247,-610.542847,2763.877441,30.151949,-22.968975,52.358086,1
12.439000,137.871582,-610.539795,2763.832031,30.201317,-23.011602,52.345123,1
12.452000,137.864838,-610.524597,2763.758545,30.192629,-23.116779,52.369614,1
12.464000,137.876938,-610.522949,2763.767090,30.107512,-23.013441,52.386139,1
12.477000,137.879669,-610.526245,2763.750488,30.070604,-22.990580,52.387444,1
12.489000,137.869797,-610.515747,2763.754639,30.107672,-23.030239,52.378311,1
12.502000,137.872482,-610.533875,2763.819092,30.128374,-23.066322,52.380966,1
12.514000,137.867188,-610.553833,2763.853516,30.121363,-23.142122,52.390121,1
12.527000,137.855652,-610.563049,2763.920898,30.156300,-23.055372,52.369259,1
12.539000,137.864838,-610.537354,2763.807617,30.133423,-22.959692,52.370586,1
12.552000,137.871704,-610.541687,2763.864258,30.114454,-23.030729,52.378925,1
12.564000,137.874893,-610.524658,2763.797363,30.150023,-22.969345,52.363506,1
12.577000,137.872772,-610.521362,2763.840576,30.166094,-22.998913,52.362591,1
12.589000,137.866562,-610.511414,2763.780518,30.164854,-23.043545,52.374378,1
12.602000,137.868301,-610.498779,2763.759766,30.163937,-23.033075,52.366913,1
12.614000,137.883713,-610.529419,2763.815430,30.142817,-23.052124,52.385704,1
12.627000,137.879410,-610.530823,2763.796875,30.165976,-23.049896,52.374557,1
12.639000,137.883698,-610.527710,2763.810547,30.158998,-23.006624,52.370998,1
12.652000,137.873489,-610.511597,2763.767578,30.145874,-23.113272,52.384514,1
12.664000,137.871338,-610.539673,2763.819580,30.179066,-22.970034,52.367702,1
12.677000,137.867447,-610.534912,2763.783691,30.216228,-23.006897,52.354298,1
12.689000,137.865860,-610.522034,2763.798584,30.115021,-22.870760,52.359802,1
12.702000,137.853867,-610.556702,2763.828369,30.169233,-22.973162,52.357651,1
12.714000,137.854507,-610.532471,2763.777100,30.125479,-23.039143,52.373035,1
12.727000,137.863693,-610.549866,2763.800049,30.143257,-22.947599,52.358944,1
12.739000,137.859482,-610.534424,2763.809326,30.110872,-22.981964,52.382359,1
12.752000,137.871613,-610.535095,2763.814697,30.113993,-22.960701,52.364861,1
12.764000,137.883499,-610.533875,2763.835693,30.170914,-22.975401,52.358391,1
12.777000,137.886215,-610.542175,2763.829834,30.082701,-23.110168,52.395401,1
12.789000,137.887405,-610.520874,2763.816650,30.056044,-22.987185,52.385361,1
12.802000,137.866547,-610.550415,2763.874023,30.168530,-23.063744,52.379074,1
12.814000,137.874084,-610.568237,2763.918457,30.144575,-22.990488,52.380394,1
12.827000,137.879272,-610.546509,2763.820312,30.128036,-23.063236,52.379566,1
12.839000,137.867233,-610.542358,2763.859131,30.060278,-23.058434,52.396614,1
12.852000,137.865128,-610.549622,2763.856201,30.133511,-23.116411,52.380341,1
12.864000,137.862717,-610.532654,2763.807373,30.138979,-23.077011,52.378548,1
12.877000,137.870407,-610.536377,2763.849854,30.178146,-22.983162,52.366005,1
12.889000,137.860367,-610.540100,2763.825684,30.134525,-23.076538,52.369347,1
12.902000,137.857773,-610.546875,2763.816162,30.124071,-23.007881,52.369244,1
12.914000,137.868118,-610.533142,2763.779541,30.125298,-23.057070,52.386253,1
12.927000,137.875290,-610.537903,2763.829102,30.128309,-22.985739,52.371979,1
12.939000,137.872635,-610.538513,2763.844482,30.110750,-23.058313,52.384377,1
12.952000,137.885330,-610.533264,2763.823242,30.100887,-23.049139,52.384029,1
12.964000,137.871155,-610.544434,2763.824951,30.101160,-22.989689,52.374905,1
12.977000,137.873718,-610.552612,2763.862061,30.159985,-22.997347,52.363281,1
12.989000,137.865189,-610.543457,2763.840088,30.100344,-23.116966,52.394424,1
13.002000,137.856705,-610.539429,2763.834717,30.165173,-23.083807,52.371540,1
13.014000,137.850266,-610.541931,2763.848145,30.147266,-22.966969,52.363518,1
13.027000,137.847565,-610.532410,2763.818604,30.127638,-23.076580,52.386154,1
13.039000,137.846878,-610.541992,2763.844971,30.118221,-23.012791,52.376678,1
13.052000,137.856628,-610.545532,2763.874756,30.110765,-22.977524,52.372810,1
13.064000,137.860703,-610.543457,2763.890137,30.087215,-22.959005,52.374763,1
13.077000,137.865051,-610.526062,2763.816895,30.104046,-23.073639,52.396412,1
13.089000,137.868881,-610.525635,2763.807373,30.194874,-23.006332,52.357342,1
13.102000,137.871826,-610.536926,2763.821777,30.163137,-22.973230,52.360756,1
13.114000,137.871887,-610.541199,2763.808350,30.161535,-22.969769,52.363098,1
13.127000,137.875839,-610.545105,2763.824219,30.156424,-22.987347,52.369816,1
13.139000,137.874527,-610.537415,2763.802734,30.109823,-23.069691,52.378677,1
13.152000,137.864075,-610.534790,2763.790283,30.129622,-23.037107,52.375381,1
13.164000,137.854660,-610.537354,2763.843994,30.123781,-23.084967,52.387314,1
13.177000,137.852203,-610.540283,2763.832275,30.140902,-23.036909,52.367031,1
13.189000,137.850342,-610.542847,2763.840576,30.104988,-23.052889,52.384983,1
13.202000,137.847366,-610.546265,2763.893555,30.123405,-22.910915,52.363068,1
13.214000,137.858566,-610.538330,2763.824707,30.190376,-23.039274,52.371365,1
13.227000,137.852600,-610.534546,2763.822266,30.111801,-23.073225,52.386604,1
13.239000,137.859177,-610.536438,2763.829346,30.150692,-23.095026,52.379379,1
13.252000,137.857254,-610.534546,2763.808105,30.120592,-23.038263,52.380013,1
13.264000,137.873734,-610.533997,2763.827393,30.089638,-23.059406,52.391769,1
13.277000,137.867950,-610.540588,2763.856689,30.079939,-23.122374,52.388653,1
13.289000,137.865311,-610.531128,2763.815674,30.164408,-23.071135,52.376373,1
13.302000,137.869095,-610.538513,2763.834961,30.081215,-22.982752,52.381504,1
13.314000,137.866776,-610.545532,2763.853760,30.184542,-23.022442,52.360176,1
13.327000,137.857941,-610.535583,2763.810791,30.152800,-22.957657,52.351307,1
13.339000,137.847748,-610.528625,2763.793457,30.198040,-23.024065,52.358044,1
13.352000,137.841125,-610.521545,2763.771973,30.130779,-22.982498,52.370525,1
13.364000,137.847610,-610.528076,2763.809326,30.098984,-23.049015,52.389980,1
13.377000,137.852905,-610.543457,2763.848389,30.145338,-22.907711,52.362949,1
13.389000,137.851318,-610.536011,2763.807373,30.134447,-22.995468,52.372036,1
13.402000,137.861160,-610.545654,2763.822021,30.096943,-22.970535,52.377571,1
13.414000,137.866379,-610.539612,2763.822021,30.142633,-23.067448,52.372429,1
13.427000,137.865860,-610.535889,2763.816406,30.113422,-23.007090,52.381439,1
13.439000,137.868042,-610.531067,2763.813232,30.111952,-23.065907,52.389801,1
13.452000,137.870056,-610.531555,2763.795898,30.090040,-23.083025,52.397167,1
13.464000,137.874924,-610.537170,2763.802979,30.135658,-23.045708,52.375717,1
13.477000,137.859451,-610.538879,2763.806885,30.071011,-23.029150,52.385147,1
13.489000,137.857819,-610.541260,2763.808105,30.084637,-22.939245,52.370262,1
13.502000,137.852188,-610.545593,2763.857666,30.103485,-22.982719,52.375977,1
13.514000,137.859787,-610.528137,2763.826660,30.064293,-23.002712,52.389008,1
13.527000,137.852585,-610.542236,2763.849854,30.150246,-23.048328,52.371552,1
13.539000,137.853989,-610.540405,2763.829346,30.103741,-23.051697,52.380650,1
13.552000,137.858810,-610.536560,2763.826660,30.220783,-23.082153,52.364895,1
13.564000,137.859573,-610.533142,2763.818359,30.182760,-23.017061,52.367729,1
13.577000,137.870224,-610.520142,2763.761963,30.141369,-23.011776,52.370686,1
13.589000,137.869858,-610.535278,2763.801270,30.112738,-23.024614,52.369175,1
13.602000,137.875290,-610.536133,2763.801270,30.117884,-23.020422,52.373505,1
13.614000,137.869583,-610.533203,2763.805420,30.126865,-22.983963,52.370193,1
13.627000,137.869598,-610.532898,2763.826416,30.159977,-23.049809,52.367504,1
13.639000,137.859055,-610.523743,2763.788574,30.140526,-23.088045,52.373528,1
13.652000,137.853134,-610.531860,2763.805420,30.100948,-22.950367,52.375076,1
13.664000,137.856506,-610.535095,2763.792480,30.101360,-23.032356,52.383080,1
13.677000,137.845139,-610.530334,2763.780273,30.111917,-22.951811,52.369713,1
13.689000,137.853073,-610.537720,2763.801514,30.076130,-22.949762,52.370586,1
13.702000,137.857101,-610.537842,2763.828125,30.135187,-22.992311,52.375141,1
13.714000,137.855850,-610.533508,2763.818359,30.114597,-23.055012,52.381710,1
13.727000,137.862549,-610.536316,2763.834961,30.098974,-22.970041,52.381016,1
13.739000,137.868195,-610.541687,2763.833008,30.135874,-22.988010,52.371983,1
13.752000,137.871017,-610.539429,2763.802002,30.141983,-22.969231,52.359745,1
13.765000,137.875168,-610.541687,2763.815918,30.065639,-22.977457,52.378242,1
13.777000,137.876434,-610.533264,2763.803223,30.186502,-22.995344,52.366848,1
13.790000,137.869324,-610.531738,2763.799316,30.205778,-23.017780,52.353157,1
13.802000,137.863861,-610.532715,2763.797119,30.172384,-23.126148,52.380882,1
13.815000,137.861298,-610.530273,2763.799561,30.071756,-23.004902,52.389503,1
13.827000,137.854294,-610.538574,2763.813721,30.144199,-23.102800,52.376682,1
13.840000,137.858536,-610.544800,2763.832764,30.103106,-23.047489,52.384975,1
13.852000,137.850037,-610.536499,2763.820557,30.136650,-23.032961,52.380814,1
13.865000,137.854904,-610.534607,2763.827393,30.154800,-23.042412,52.378868,1
13.877000,137.855911,-610.539368,2763.827881,30.122948,-23.024210,52.375431,1
13.890000,137.859390,-610.536743,2763.822021,30.119448,-23.042519,52.382729,1
13.902000,137.866196,-610.538391,2763.814697,30.181461,-22.941196,52.345051,1
13.915000,137.872681,-610.531494,2763.827881,30.149794,-23.052338,52.363869,1
13.927000,137.879349,-610.542725,2763.853027,30.135324,-23.012482,52.380409,1
13.940000,137.876953,-610.541504,2763.834473,30.201809,-22.976532,52.349304,1
