%time,field.header.seq,field.header.stamp,field.header.frame_id,field.time_ref,field.source
1678277369110583007,4933,1678277369109882686,,2454771300000,
1678277369110665578,4934,1678277369109977473,,2454781300000,
1678277369110718461,4935,1678277369110034368,,2454791300000,
1678277369111037465,4936,1678277369110106828,,2454811300000,
1678277369153236330,4937,1678277369152650060,,2454821300000,
1678277369153275623,4938,1678277369152744132,,2454831300000,
1678277369153369989,4939,1678277369152800461,,2454841300000,
1678277369196633630,4940,1678277369196066782,,2454861300000,
1678277369196680803,4941,1678277369196158250,,2454871300000,
1678277369196860974,4942,1678277369196215042,,2454881300000,
1678277369197160133,4943,1678277369196268170,,2454891300000,
1678277369239186410,4944,1678277369238671758,,2454911300000,
1678277369239223726,4945,1678277369238762416,,2454921300000,
1678277369239410129,4946,1678277369238818467,,2454931300000,
1678277369282397165,4947,1678277369281796081,,2454941300000,
1678277369282447909,4948,1678277369281898802,,2454961300000,
1678277369282802218,4949,1678277369281955314,,2454971300000,
1678277369325545693,4950,1678277369324954665,,2454981300000,
1678277369325679303,4951,1678277369325065622,,2454991300000,
1678277369326124692,4952,1678277369325129070,,2455011300000,
1678277369326155797,4953,1678277369325182144,,2455021300000,
1678277369368356573,4954,1678277369367633865,,2455031300000,
1678277369368407084,4955,1678277369367750064,,2455051300000,
1678277369368502248,4956,1678277369367807749,,2455061300000,
1678277369412039775,4957,1678277369411430407,,2455071300000,
1678277369412093213,4958,1678277369411523912,,2455081300000,
1678277369412536459,4959,1678277369411601267,,2455101300000,
1678277369412577062,4960,1678277369411665276,,2455111300000,
1678277369453940528,4961,1678277369453663540,,2455121300000,
1678277369453962614,4962,1678277369453697571,,2455131300000,
1678277369453984876,4963,1678277369453724700,,2455151300000,
1678277369497911894,4964,1678277369497566626,,2455161300000,
1678277369497923489,4965,1678277369497587195,,2455171300000,
1678277369497957770,4966,1678277369497630555,,2455181300000,
1678277369498134379,4967,1678277369497642041,,2455201300000,
1678277369540643358,4968,1678277369540384574,,2455211300000,
1678277369540741712,4969,1678277369540421566,,2455221300000,
1678277369540759067,4970,1678277369540445346,,2455241300000,
1678277369583964783,4971,1678277369583625899,,2455251300000,
1678277369583977520,4972,1678277369583653157,,2455261300000,
1678277369583998748,4973,1678277369583675901,,2455271300000,
1678277369627050553,4974,1678277369626781608,,2455291300000,
1678277369627066457,4975,1678277369626805667,,2455301300000,
1678277369627099674,4976,1678277369626818736,,2455311300000,
1678277369627253371,4977,1678277369626831234,,2455321300000,
1678277369669767460,4978,1678277369669432006,,2455341300000,
1678277369669812973,4979,1678277369669465027,,2455351300000,
1678277369669822422,4980,1678277369669484216,,2455361300000,
1678277369713671305,4981,1678277369713025568,,2455371300000,
1678277369713720143,4982,1678277369713145264,,2455391300000,
1678277369714186942,4983,1678277369713203302,,2455401300000,
1678277369714216215,4984,1678277369713257023,,2455411300000,
1678277369756829383,4985,1678277369756212874,,2455421300000,
1678277369756906298,4986,1678277369756314479,,2455441300000,
1678277369756924681,4987,1678277369756386104,,2455451300000,
1678277369800522238,4988,1678277369799542231,,2455461300000,
1678277369800562125,4989,1678277369799661145,,2455481300000,
1678277369800590432,4990,1678277369799718753,,2455491300000,
1678277369842297722,4991,1678277369841659205,,2455501300000,
1678277369842339576,4992,1678277369841772311,,2455511300000,
1678277369842436360,4993,1678277369841875805,,2455531300000,
1678277369842879658,4994,1678277369841951941,,2455541300000,
1678277369886473885,4995,1678277369885780478,,2455551300000,
1678277369886534206,4996,1678277369885895501,,2455561300000,
1678277369886703642,4997,1678277369886001047,,2455581300000,
1678277369929552966,4998,1678277369928830375,,2455591300000,
1678277369929591094,4999,1678277369928943841,,2455601300000,
1678277369929651418,5000,1678277369929041136,,2455611300000,
1678277369930211011,5001,1678277369929124569,,2455631300000,
1678277369972100325,5002,1678277369971493557,,2455641300000,
1678277369972144192,5003,1678277369971591658,,2455651300000,
1678277369972165675,5004,1678277369971668638,,2455671300000,
1678277370015025381,5005,1678277370014458933,,2455681300000,
1678277370015110834,5006,1678277370014564663,,2455691300000,
1678277370015141059,5007,1678277370014627225,,2455701300000,
1678277370057326258,5008,1678277370056987399,,2455721300000,
1678277370057352708,5009,1678277370057046090,,2455731300000,
1678277370057614528,5010,1678277370057082656,,2455741300000,
1678277370057624837,5011,1678277370057118961,,2455751300000,
1678277370100327838,5012,1678277370100116871,,2455771300000,
1678277370100340409,5013,1678277370100142393,,2455781300000,
1678277370100442605,5014,1678277370100157314,,2455791300000,
1678277370143646717,5015,1678277370143418715,,2455801300000,
1678277370143712274,5016,1678277370143453044,,2455821300000,
1678277370143735915,5017,1678277370143469084,,2455831300000,
1678277370143753530,5018,1678277370143484067,,2455841300000,
1678277370187149452,5019,1678277370186874608,,2455861300000,
1678277370187161011,5020,1678277370186901916,,2455871300000,
1678277370187167842,5021,1678277370186917542,,2455881300000,
1678277370230225843,5022,1678277370230030527,,2455891300000,
1678277370230236036,5023,1678277370230061529,,2455911300000,
1678277370230312681,5024,1678277370230078232,,2455921300000,
1678277370273197536,5025,1678277370273004653,,2455931300000,
1678277370273208204,5026,1678277370273027535,,2455941300000,
1678277370273307277,5027,1678277370273047757,,2455961300000,
1678277370273406518,5028,1678277370273061957,,2455971300000,
1678277370316403541,5029,1678277370315855906,,2455981300000,
1678277370316440598,5030,1678277370316006102,,2455991300000,
1678277370316679677,5031,1678277370316112118,,2456011300000,
1678277370359908733,5032,1678277370359362279,,2456021300000,
1678277370359948671,5033,1678277370359453956,,2456031300000,
1678277370360118105,5034,1678277370359525534,,2456041300000,
1678277370360307630,5035,1678277370359583072,,2456061300000,
1678277370402464980,5036,1678277370401773275,,2456071300000,
1678277370402581326,5037,1678277370401884287,,2456081300000,
1678277370402936513,5038,1678277370401958194,,2456091300000,
1678277370446148393,5039,1678277370445542399,,2456111300000,
1678277370446211135,5040,1678277370445635726,,2456121300000,
1678277370446238870,5041,1678277370445692572,,2456131300000,
1678277370488782247,5042,1678277370488203927,,2456151300000,
1678277370488832986,5043,1678277370488295489,,2456161300000,
1678277370488895710,5044,1678277370488352727,,2456171300000,
1678277370489167511,5045,1678277370488405210,,2456181300000,
1678277370532828019,5046,1678277370532167382,,2456201300000,
1678277370532868595,5047,1678277370532287854,,2456211300000,
1678277370532895981,5048,1678277370532360742,,2456221300000,
1678277370575577258,5049,1678277370574957966,,2456231300000,
1678277370575836801,5050,1678277370575060267,,2456251300000,
1678277370575937992,5051,1678277370575117429,,2456261300000,
1678277370576147201,5052,1678277370575170541,,2456271300000,
1678277370618336834,5053,1678277370617699414,,2456291300000,
1678277370618557092,5054,1678277370617792767,,2456301300000,
1678277370618588638,5055,1678277370617848150,,2456311300000,
1678277370661028684,5056,1678277370660477639,,2456321300000,
1678277370661080217,5057,1678277370660589968,,2456341300000,
1678277370661139530,5058,1678277370660647552,,2456351300000,
1678277370661564140,5059,1678277370660700584,,2456361300000,
1678277370705003300,5060,1678277370704411360,,2456371300000,
1678277370705031594,5061,1678277370704535390,,2456391300000,
1678277370705061420,5062,1678277370704635102,,2456401300000,
1678277370748082836,5063,1678277370747461771,,2456411300000,
1678277370748113794,5064,1678277370747587859,,2456421300000,
1678277370748209232,5065,1678277370747692317,,2456441300000,
1678277370790520555,5066,1678277370789886916,,2456451300000,
1678277370790594551,5067,1678277370789983498,,2456461300000,
1678277370790750061,5068,1678277370790055595,,2456471300000,
1678277370791196258,5069,1678277370790113734,,2456491300000,
1678277370833626918,5070,1678277370832933031,,2456501300000,
1678277370833661440,5071,1678277370833030801,,2456511300000,
1678277370833904067,5072,1678277370833109210,,2456531300000,
1678277370877274603,5073,1678277370876422076,,2456541300000,
1678277370877342081,5074,1678277370876518035,,2456551300000,
1678277370877380049,5075,1678277370876576951,,2456561300000,
1678277370877415165,5076,1678277370876653169,,2456581300000,
1678277370920122704,5077,1678277370919507866,,2456591300000,
1678277370920161310,5078,1678277370919604545,,2456601300000,
1678277370920214503,5079,1678277370919661156,,2456611300000,
1678277370963459572,5080,1678277370962763454,,2456631300000,
1678277370963504663,5081,1678277370962858984,,2456641300000,
1678277370963597573,5082,1678277370962916417,,2456651300000,
1678277371006651208,5083,1678277371006025009,,2456661300000,
1678277371006852929,5084,1678277371006128572,,2456681300000,
1678277371006889668,5085,1678277371006185139,,2456691300000,
1678277371007258568,5086,1678277371006237197,,2456701300000,
1678277371048995338,5087,1678277371048389361,,2456721300000,
1678277371049034977,5088,1678277371048484397,,2456731300000,
1678277371049046948,5089,1678277371048541551,,2456741300000,
1678277371092803865,5090,1678277371092182561,,2456751300000,
1678277371092856449,5091,1678277371092305748,,2456771300000,
1678277371092951949,5092,1678277371092380507,,2456781300000,
1678277371093142870,5093,1678277371092458598,,2456791300000,
1678277371135488696,5094,1678277371134801778,,2456801300000,
1678277371135548651,5095,1678277371134924349,,2456821300000,
1678277371135575799,5096,1678277371134981861,,2456831300000,
1678277371178825714,5097,1678277371178136740,,2456841300000,
1678277371178869660,5098,1678277371178249993,,2456851300000,
1678277371178913624,5099,1678277371178314488,,2456871300000,
1678277371222260502,5100,1678277371221571872,,2456881300000,
1678277371222319849,5101,1678277371221676895,,2456891300000,
1678277371222640975,5102,1678277371221755369,,2456911300000,
1678277371222671347,5103,1678277371221808970,,2456921300000,
1678277371264492195,5104,1678277371263907360,,2456931300000,
1678277371264877845,5105,1678277371264008107,,2456941300000,
1678277371264899911,5106,1678277371264085168,,2456961300000,
1678277371307763928,5107,1678277371307149994,,2456971300000,
1678277371307810592,5108,1678277371307244887,,2456981300000,
1678277371308215600,5109,1678277371307301928,,2456991300000,
1678277371308253412,5110,1678277371307377225,,2457011300000,
1678277371350998508,5111,1678277371350402342,,2457021300000,
1678277371351045107,5112,1678277371350500832,,2457031300000,
1678277371351058495,5113,1678277371350557304,,2457041300000,
1678277371394098579,5114,1678277371393483747,,2457061300000,
1678277371394664606,5115,1678277371393578650,,2457071300000,
1678277371394690731,5116,1678277371393635033,,2457081300000,
1678277371437289788,5117,1678277371436655527,,2457091300000,
1678277371437333649,5118,1678277371436758711,,2457111300000,
1678277371437555244,5119,1678277371436815876,,2457121300000,
1678277371437590665,5120,1678277371436867807,,2457131300000,
1678277371480006901,5121,1678277371479375665,,2457141300000,
1678277371480040533,5122,1678277371479477602,,2457161300000,
1678277371480183468,5123,1678277371479534056,,2457171300000,
1678277371523046274,5124,1678277371522341928,,2457181300000,
1678277371523088972,5125,1678277371522459477,,2457201300000,
1678277371523129149,5126,1678277371522517319,,2457211300000,
1678277371523392570,5127,1678277371522570720,,2457221300000,
1678277371566304931,5128,1678277371565645757,,2457231300000,
1678277371566366647,5129,1678277371565762429,,2457251300000,
1678277371566705926,5130,1678277371565820146,,2457261300000,
1678277371609526298,5131,1678277371608875848,,2457271300000,
1678277371609588905,5132,1678277371608988270,,2457281300000,
1678277371609687613,5133,1678277371609051314,,2457301300000,
1678277371652825494,5134,1678277371652193415,,2457311300000,
1678277371652867214,5135,1678277371652289336,,2457321300000,
1678277371653095003,5136,1678277371652367586,,2457341300000,
1678277371653444261,5137,1678277371652421330,,2457351300000,
1678277371696069002,5138,1678277371695414381,,2457361300000,
1678277371696115190,5139,1678277371695509523,,2457371300000,
1678277371696149173,5140,1678277371695587827,,2457391300000,
1678277371739309872,5141,1678277371738647033,,2457401300000,
1678277371739354768,5142,1678277371738745049,,2457411300000,
1678277371739467446,5143,1678277371738802776,,2457421300000,
1678277371739536612,5144,1678277371738877305,,2457441300000,
1678277371782040077,5145,1678277371781380629,,2457451300000,
1678277371782089522,5146,1678277371781478055,,2457461300000,
1678277371782127954,5147,1678277371781534697,,2457471300000,
1678277371824823430,5148,1678277371824049094,,2457491300000,
1678277371824862031,5149,1678277371824141056,,2457501300000,
1678277371824878456,5150,1678277371824197485,,2457511300000,
1678277371868112315,5151,1678277371867507263,,2457521300000,
1678277371868167890,5152,1678277371867609760,,2457541300000,
1678277371868219037,5153,1678277371867666972,,2457551300000,
1678277371868671094,5154,1678277371867720101,,2457561300000,
1678277371911271054,5155,1678277371910598134,,2457581300000,
1678277371911319019,5156,1678277371910692974,,2457591300000,
1678277371911503608,5157,1678277371910749696,,2457601300000,
1678277371954114624,5158,1678277371953452558,,2457611300000,
1678277371954150026,5159,1678277371953571374,,2457631300000,
1678277371954229013,5160,1678277371953628170,,2457641300000,
1678277371954564620,5161,1678277371953682241,,2457651300000,
1678277371997974622,5162,1678277371997218102,,2457661300000,
1678277371998014113,5163,1678277371997330366,,2457681300000,
1678277371998067852,5164,1678277371997387114,,2457691300000,
1678277372041043735,5165,1678277372040360078,,2457701300000,
1678277372041091703,5166,1678277372040472078,,2457711300000,
1678277372041223095,5167,1678277372040536831,,2457731300000,
1678277372041948137,5168,1678277372040591470,,2457741300000,
1678277372083806534,5169,1678277372083188373,,2457751300000,
1678277372083860779,5170,1678277372083304410,,2457771300000,
1678277372084297244,5171,1678277372083362361,,2457781300000,
1678277372127012537,5172,1678277372126154093,,2457791300000,
1678277372127049388,5173,1678277372126249056,,2457801300000,
1678277372127113530,5174,1678277372126328137,,2457821300000,
1678277372169487346,5175,1678277372168789588,,2457831300000,
1678277372169552175,5176,1678277372168886050,,2457841300000,
1678277372169716285,5177,1678277372168943214,,2457851300000,
1678277372169784381,5178,1678277372169019200,,2457871300000,
1678277372213089219,5179,1678277372212189973,,2457881300000,
1678277372213151914,5180,1678277372212289504,,2457891300000,
1678277372213191977,5181,1678277372212361560,,2457901300000,
1678277372255643303,5182,1678277372255057923,,2457921300000,
1678277372255707721,5183,1678277372255148869,,2457931300000,
1678277372255736031,5184,1678277372255205348,,2457941300000,
1678277372255903389,5185,1678277372255270891,,2457951300000,
1678277372299002233,5186,1678277372298200995,,2457971300000,
1678277372299035037,5187,1678277372298295206,,2457981300000,
1678277372299049046,5188,1678277372298352141,,2457991300000,
1678277372341991212,5189,1678277372341331992,,2458011300000,
1678277372342032753,5190,1678277372341426336,,2458021300000,
1678277372342062800,5191,1678277372341481694,,2458031300000,
1678277372384928263,5192,1678277372384356334,,2458041300000,
1678277372384978532,5193,1678277372384473997,,2458061300000,
1678277372385001093,5194,1678277372384532888,,2458071300000,
1678277372385467296,5195,1678277372384587819,,2458081300000,
1678277372428787736,5196,1678277372428114097,,2458091300000,
1678277372428855901,5197,1678277372428233460,,2458111300000,
1678277372428955087,5198,1678277372428290630,,2458121300000,
1678277372471901947,5199,1678277372471205974,,2458131300000,
1678277372471958509,5200,1678277372471323697,,2458141300000,
1678277372472119646,5201,1678277372471387544,,2458161300000,
1678277372472178885,5202,1678277372471439102,,2458171300000,
1678277372514622838,5203,1678277372514040628,,2458181300000,
1678277372514703433,5204,1678277372514151388,,2458191300000,
1678277372514878470,5205,1678277372514214413,,2458211300000,
1678277372558171321,5206,1678277372557492088,,2458221300000,
1678277372558242306,5207,1678277372557587709,,2458231300000,
1678277372558471260,5208,1678277372557666767,,2458251300000,
1678277372600677677,5209,1678277372599783203,,2458261300000,
1678277372600750323,5210,1678277372599903664,,2458271300000,
1678277372600809711,5211,1678277372599982650,,2458281300000,
1678277372601267913,5212,1678277372600063854,,2458301300000,
1678277372643671330,5213,1678277372642839197,,2458311300000,
1678277372643740478,5214,1678277372642938751,,2458321300000,
1678277372643760869,5215,1678277372643011756,,2458331300000,
1678277372686600141,5216,1678277372685952215,,2458351300000,
1678277372686721761,5217,1678277372686045321,,2458361300000,
1678277372686736158,5218,1678277372686103273,,2458371300000,
1678277372686823746,5219,1678277372686190499,,2458391300000,
1678277372730696676,5220,1678277372730040470,,2458401300000,
1678277372730759697,5221,1678277372730135722,,2458411300000,
1678277372730989352,5222,1678277372730192575,,2458421300000,
1678277372773660201,5223,1678277372772976134,,2458441300000,
1678277372773717064,5224,1678277372773068091,,2458451300000,
1678277372773914459,5225,1678277372773124877,,2458461300000,
1678277372816365368,5226,1678277372815710356,,2458471300000,
1678277372816401254,5227,1678277372815826197,,2458491300000,
1678277372816450465,5228,1678277372815912075,,2458501300000,
1678277372817071199,5229,1678277372815968811,,2458511300000,
1678277372859552252,5230,1678277372858873886,,2458521300000,
1678277372859651719,5231,1678277372858991133,,2458541300000,
1678277372859690895,5232,1678277372859048987,,2458551300000,
1678277372902142146,5233,1678277372901465099,,2458561300000,
1678277372902214078,5234,1678277372901574202,,2458571300000,
1678277372902233630,5235,1678277372901638372,,2458591300000,
1678277372902501411,5236,1678277372901692570,,2458601300000,
1678277372946118872,5237,1678277372945334026,,2458611300000,
1678277372946162265,5238,1678277372945447345,,2458621300000,
1678277372946180497,5239,1678277372945510385,,2458641300000,
1678277372988993911,5240,1678277372988370889,,2458651300000,
1678277372989039965,5241,1678277372988494384,,2458661300000,
1678277372989075220,5242,1678277372988577959,,2458681300000,
1678277373031604848,5243,1678277373030998769,,2458691300000,
1678277373031641316,5244,1678277373031093306,,2458701300000,
1678277373031824996,5245,1678277373031149669,,2458711300000,
1678277373032054834,5246,1678277373031222880,,2458731300000,
1678277373074664557,5247,1678277373074032267,,2458741300000,
1678277373074702242,5248,1678277373074129382,,2458751300000,
1678277373074861466,5249,1678277373074201850,,2458761300000,
1678277373118650935,5250,1678277373117996155,,2458781300000,
1678277373118734489,5251,1678277373118093234,,2458791300000,
1678277373119017404,5252,1678277373118150109,,2458801300000,
1678277373119045749,5253,1678277373118225945,,2458821300000,
1678277373160739989,5254,1678277373160100255,,2458831300000,
1678277373161026416,5255,1678277373160195522,,2458841300000,
1678277373161173137,5256,1678277373160251476,,2458851300000,
1678277373204217661,5257,1678277373203540355,,2458871300000,
1678277373204290463,5258,1678277373203635764,,2458881300000,
1678277373204329272,5259,1678277373203692752,,2458891300000,
1678277373204774768,5260,1678277373203745283,,2458901300000,
1678277373247334921,5261,1678277373246635741,,2458921300000,
1678277373247403464,5262,1678277373246731936,,2458931300000,
1678277373247428902,5263,1678277373246788748,,2458941300000,
1678277373290625156,5264,1678277373289948009,,2458951300000,
1678277373290688242,5265,1678277373290048782,,2458971300000,
1678277373290999588,5266,1678277373290106657,,2458981300000,
1678277373333539670,5267,1678277373332863493,,2458991300000,
1678277373333596038,5268,1678277373332975471,,2459001300000,
1678277373333833005,5269,1678277373333038621,,2459021300000,
1678277373333875600,5270,1678277373333090767,,2459031300000,
1678277373376555989,5271,1678277373375671234,,2459041300000,
1678277373376596569,5272,1678277373375790192,,2459061300000,
1678277373376627575,5273,1678277373375847123,,2459071300000,
1678277373419296281,5274,1678277373418594373,,2459081300000,
1678277373419371266,5275,1678277373418688998,,2459091300000,
1678277373419553366,5276,1678277373418764795,,2459111300000,
1678277373419618270,5277,1678277373418816991,,2459121300000,
1678277373462919641,5278,1678277373462252860,,2459131300000,
1678277373462970509,5279,1678277373462348700,,2459141300000,
1678277373463181288,5280,1678277373462426762,,2459161300000,
1678277373505744222,5281,1678277373505048936,,2459171300000,
1678277373505818020,5282,1678277373505145282,,2459181300000,
1678277373505847718,5283,1678277373505216569,,2459191300000,
1678277373548978251,5284,1678277373548343829,,2459211300000,
1678277373549029234,5285,1678277373548437753,,2459221300000,
1678277373549055535,5286,1678277373548494193,,2459231300000,
1678277373549500880,5287,1678277373548561402,,2459241300000,
1678277373591705413,5288,1678277373591044434,,2459261300000,
1678277373591782510,5289,1678277373591139752,,2459271300000,
1678277373591813378,5290,1678277373591195567,,2459281300000,
1678277373635731575,5291,1678277373635075847,,2459301300000,
1678277373635791766,5292,1678277373635170473,,2459311300000,
1678277373636063616,5293,1678277373635227681,,2459321300000,
1678277373636086649,5294,1678277373635280721,,2459331300000,
1678277373677869544,5295,1678277373677227320,,2459351300000,
1678277373678061561,5296,1678277373677322511,,2459361300000,
